1.基于钾调控的麻黄质量响应机制研究,批准号：81760687,申请代码：H3201,项目类别：地区科学基金项目,项目负责人： 赵云生,资助经费：34.0（万元）,批准年度：2017,结题年度：2021,依托单位： 宁夏医科大学,关键词： 麻黄； 功能基因； 生理与生长指标； 钾； 质量
2.广义相对论中关于质量及等周不等式问题的研究,批准号：11801078,申请代码：A0109,项目类别：青年科学基金项目,项目负责人： 季丹丹,资助经费：25.0（万元）,批准年度：2018,结题年度：2021,依托单位： 福建师范大学,关键词： 相对体积； 等周不等式； 渐近双曲流形； Penrose不等式； 质量
3.基于LAMOST数据的M31和M33新天体搜寻及M31化学动力学性质研究,批准号：11803029,申请代码：A1403,项目类别：青年科学基金项目,项目负责人： 陈丙秋,资助经费：28.0（万元）,批准年度：2018,结题年度：2021,依托单位： 云南大学,关键词： 郭守敬望远镜； 金属丰度； 大仙女座星系； 恒星成分； 质量
4.小质量的超大质量黑洞的自旋起源,批准号：11773036,申请代码：A1404,项目类别：面上项目,项目负责人： 徐达维,资助经费：64.0（万元）,批准年度：2017,结题年度：2021,依托单位： 中国科学院国家天文台,关键词： 黑洞质量； 黑洞自旋； 活动星系核； 寄主星系； 射电辐射
5.基于重力卫星数据监测全球质量变化的三维加速度点质量模型法,批准号：41804077,申请代码：D0406,项目类别：青年科学基金项目,项目负责人： 苏勇,资助经费：23.0（万元）,批准年度：2018,结题年度：2021,依托单位： 西南石油大学,关键词： 三维加速度点质量模型法； 时空约束方程； 卫星重力测量； 全球地表质量变化； 正则化技术
6.债转股、会计质量、公司治理与退出机制,批准号：71772050,申请代码：G0206,项目类别：面上项目,项目负责人： 陈超,资助经费：47.0（万元）,批准年度：2017,结题年度：2021,依托单位： 复旦大学,关键词： 退出机制； 公司治理； 会计质量； 债转股
7.OpenStreetMap道路数据质量的定量估计,批准号：41771428,申请代码：D0114,项目类别：面上项目,项目负责人： 周琪,资助经费：63.0（万元）,批准年度：2017,结题年度：2021,依托单位： 中国地质大学（武汉）,关键词： 众包数据； 矢量数据； 地图更新； 数据质量评价； OpenStreetMap
8.最优质量运输问题和图像配准,批准号：12026432,申请代码：A0304,项目类别：数学天元基金项目,项目负责人： 刘海蓉,资助经费：20.0（万元）,批准年度：2020,结题年度：2021,依托单位： 南京林业大学,关键词： 最优质量运输； 图像配准； 非线性椭圆方程
9.面向视觉质量优化的深度学习视频编码,批准号：61772483,申请代码：F0210,项目类别：面上项目,项目负责人： 刘东,资助经费：62.0（万元）,批准年度：2017,结题年度：2021,依托单位： 中国科学技术大学,关键词： 视觉质量； 后处理； 深度学习； 视频编码； 变换量化
10.定价延迟下企业产品质量决策研究,批准号：71801209,申请代码：G0102,项目类别：青年科学基金项目,项目负责人： 刘彦,资助经费：18.0（万元）,批准年度：2018,结题年度：2021,依托单位： 中国科学技术大学,关键词： 报童模型； 库存理论； 定价延迟； 供应链管理； 产品质量
11.南方集体林区资源禀赋、产权演化与森林质量,批准号：71773091,申请代码：G0311,项目类别：面上项目,项目负责人： 姚顺波,资助经费：48.0（万元）,批准年度：2017,结题年度：2021,依托单位： 西北农林科技大学,关键词： 资源禀赋； 经营行为； 森林质量； 林业产权演化； 林业产权政策优化
12.基于结构先验的低质量视觉信息恢复研究,批准号：61772512,申请代码：F0210,项目类别：面上项目,项目负责人： 郭晓杰,资助经费：67.0（万元）,批准年度：2017,结题年度：2021,依托单位： 天津大学,关键词： 污染恢复； 低照度图像增强； 结构先验； 恶劣天气干扰恢复
13.能量天平质量量子基准关键问题研究,批准号：51807186,申请代码：E0701,项目类别：青年科学基金项目,项目负责人： 许金鑫,资助经费：35.0（万元）,批准年度：2018,结题年度：2021,依托单位： 中国计量大学,关键词： 准直； 质量单位千克； 磁场； 能量天平； 普朗克常数
14.基于视觉关注机制的全景视频质量评估研究,批准号：61801364,申请代码：F0117,项目类别：青年科学基金项目,项目负责人： 张伟,资助经费：29.5（万元）,批准年度：2018,结题年度：2021,依托单位： 西安电子科技大学,关键词： 客观评价； 全景视频； 视觉关注机制； 主观评价
15.面向消费者应用的视觉质量评估研究,批准号：61772348,申请代码：F0210,项目类别：面上项目,项目负责人： Jari Tapani KORHONEN,资助经费：66.0（万元）,批准年度：2017,结题年度：2021,依托单位： 深圳大学,关键词： 主观评估； 客观评估； 捕获失真； 视频质量评估； 消费者场景
16.基于稀疏表示理论的图像质量提升方法研究,批准号：61803193,申请代码：F0310,项目类别：青年科学基金项目,项目负责人： 刘兆栋,资助经费：24.0（万元）,批准年度：2018,结题年度：2021,依托单位： 临沂大学,关键词： 稀疏表示； 图像质量评价； 模式识别； 非凸优化
17.面向多层次图像分割的质量评价方法研究,批准号：61772435,申请代码：F0210,项目类别：面上项目,项目负责人： 彭博,资助经费：59.0（万元）,批准年度：2017,结题年度：2021,依托单位： 西南交通大学,关键词： 图像分割质量评价； 元评价指标； 参考分割； 多层次图像分割
18.威胁情报可靠性验证和质量评估方法研究,批准号：61802404,申请代码：F0211,项目类别：青年科学基金项目,项目负责人： 李宁,资助经费：25.0（万元）,批准年度：2018,结题年度：2021,依托单位： 中国科学院信息工程研究所,关键词： 真值发现； 质量评估； 可靠性验证； 威胁情报
19.超高清自由视点视频感知质量模型与绘制研究,批准号：61771269,申请代码：F0117,项目类别：面上项目,项目负责人： 陈芬,资助经费：62.0（万元）,批准年度：2017,结题年度：2021,依托单位： 重庆理工大学,关键词： 视觉感知； 虚拟视点绘制； 自由视点视频； 超高清； 感知质量模型
20.风险投资、企业生产率与股价信息质量,批准号：71802144,申请代码：G0205,项目类别：青年科学基金项目,项目负责人： 冯慧群,资助经费：18.0（万元）,批准年度：2018,结题年度：2021,依托单位： 天津财经大学,关键词： 企业生产率； 股价信息质量； 风险投资
21.高光谱遥感图像空谱信息质量提升方法研究,批准号：61801359,申请代码：F0113,项目类别：青年科学基金项目,项目负责人： 谢卫莹,资助经费：26.0（万元）,批准年度：2018,结题年度：2021,依托单位： 西安电子科技大学,关键词： 深度神经网络； 高光谱遥感图像； 质量提升； 空谱信息； 优化
22.农村公共医疗设施服务质量均等化与优化研究,批准号：41801177,申请代码：D0109,项目类别：青年科学基金项目,项目负责人： 田玲玲,资助经费：26.4（万元）,批准年度：2018,结题年度：2021,依托单位： 华中师范大学,关键词： 公共服务； 行为分析模型； 农村公共医疗； 服务质量均等化； 空间分析模型
23.中子星低质量X射线双星慧眼卫星观测研究,批准号：U1838108,申请代码：A1503,项目类别：联合基金项目,项目负责人： 丁国强,资助经费：50.0（万元）,批准年度：2018,结题年度：2021,依托单位： 中国科学院新疆天文台,关键词： X射线双星； 吸积盘； 演变； 吸积； 中子星
24.基于无参考图像质量评价的若干问题研究,批准号：61762004,申请代码：F0605,项目类别：地区科学基金项目,项目负责人： 贾惠珍,资助经费：18.0（万元）,批准年度：2017,结题年度：2021,依托单位： 东华理工大学,关键词： 深度学习； 无参考图像质量评价； 迁移学习； 视觉注意机制
25.开放链接数据（LOD）“使用质量”评估理论与方法研究,批准号：61772201,申请代码：F0211,项目类别：面上项目,项目负责人： 阮彤,资助经费：59.0（万元）,批准年度：2017,结题年度：2021,依托单位： 华东理工大学,关键词： 开放链接数据； 度量； 质量评估； 使用质量； 本体对齐与实例匹配
26.江门中微子实验质量等级灵敏度的联合分析,批准号：11775247,申请代码：A2806,项目类别：面上项目,项目负责人： 占亮,资助经费：78.0（万元）,批准年度：2017,结题年度：2021,依托单位： 中国科学院高能物理研究所,关键词： 中微子实验； 反应堆中微子
27.脑启发式无参考影像质量评价技术研究,批准号：61772388,申请代码：F0210,项目类别：面上项目,项目负责人： 吴金建,资助经费：65.0（万元）,批准年度：2017,结题年度：2021,依托单位： 西安电子科技大学,关键词： 无参考评价； 记忆知识库； 图像质量评价； 脑启发； 视觉信息认知
28.含暗物质的中微子质量模型及唯象学研究,批准号：11805081,申请代码：A2605,项目类别：青年科学基金项目,项目负责人： 韩志龙,资助经费：30.0（万元）,批准年度：2018,结题年度：2021,依托单位： 济南大学,关键词： 轻子味道破坏过程； 中微子质量； 辐射机制； 暗物质； 对撞机信号
29.基于波动流理论的供应链质量控制研究,批准号：71801049,申请代码：G0108,项目类别：青年科学基金项目,项目负责人： 仲建兰,资助经费：20.0（万元）,批准年度：2018,结题年度：2021,依托单位： 福建农林大学,关键词： 多阶段过程； 质量波动； 可修系统； 质量控制效果； 过程质量控制
30.大规模低质量多视图聚类算法及其应用研究,批准号：61773392,申请代码：F0604,项目类别：面上项目,项目负责人： 刘新旺,资助经费：65.0（万元）,批准年度：2017,结题年度：2021,依托单位： 中国人民解放军国防科技大学,关键词： 聚类集成； 多核学习； 聚类； 谱方法
31.面向虚拟视角合成的客观质量评价方法及其应用研究,批准号：61771473,申请代码：F0116,项目类别：面上项目,项目负责人： 李雷达,资助经费：60.0（万元）,批准年度：2017,结题年度：2021,依托单位： 中国矿业大学,关键词： 自然场景统计； 客观评价； 无参考评价； 图像质量； 视觉特性
32.室内热环境下老年人热调节和睡眠质量研究,批准号：51778359,申请代码：E0803,项目类别：面上项目,项目负责人： 兰丽,资助经费：63.0（万元）,批准年度：2017,结题年度：2021,依托单位： 上海交通大学,关键词： 热舒适； 老年人； 热环境； 睡眠环境
33.提升建筑能耗监测系统数据质量的分层级协调优化方法,批准号：61803067,申请代码：F0302,项目类别：青年科学基金项目,项目负责人： 赵亮,资助经费：24.0（万元）,批准年度：2018,结题年度：2021,依托单位： 大连理工大学,关键词： 自适应传输； 建筑能耗监测； 可靠性； 异常数据； 数据质量
34.中国快速城镇化对环境质量的影响机理研究,批准号：41801164,申请代码：D0109,项目类别：青年科学基金项目,项目负责人： 刘海猛,资助经费：26.5（万元）,批准年度：2018,结题年度：2021,依托单位： 中国科学院地理科学与资源研究所,关键词： 城市化； 人地关系； 环境质量； 区域差异； 空间分析模型
35.基于混合模型驱动的电力物联系统数据质量优化方法,批准号：61803136,申请代码：F0308,项目类别：青年科学基金项目,项目负责人： 姜淏予,资助经费：24.0（万元）,批准年度：2018,结题年度：2021,依托单位： 杭州电子科技大学,关键词： 卡尔曼滤波； 宽度学习； 数据驱动建模； 故障模式分析； 故障特征提取
36.140质量区缺中子核同核异能态寿命测量,批准号：11805289,申请代码：A2701,项目类别：青年科学基金项目,项目负责人： 滑伟,资助经费：26.0（万元）,批准年度：2018,结题年度：2021,依托单位： 中山大学,关键词： 侵入轨道； 同核异能态； 充气谱仪； 组态； 微秒
37.基于内容特性与感知质量的光场图像编码研究,批准号：61801006,申请代码：F0108,项目类别：青年科学基金项目,项目负责人： 刘德阳,资助经费：24.0（万元）,批准年度：2018,结题年度：2021,依托单位： 安庆师范大学,关键词： 高性能视频编码； 光场图像； 视频图像编码； 内容特性； 感知质量
38.基于自适应分解的图像融合及其质量评估问题研究,批准号：61801190,申请代码：F0116,项目类别：青年科学基金项目,项目负责人： 张小利,资助经费：24.0（万元）,批准年度：2018,结题年度：2021,依托单位： 吉林大学,关键词： 跨子带融合规则； 算法优化； 自适应图像分解； 图像融合； 图像融合质量评价
39.高等院校经费配置对人才培养质量的影响研究,批准号：71774007,申请代码：G0407,项目类别：面上项目,项目负责人： 鲍威,资助经费：48.0（万元）,批准年度：2017,结题年度：2021,依托单位： 北京大学,关键词： 经费配置； 人才培养质量； 高等院校； 学生学业成就
40.BDS实时卫星钟差质量控制及钟差基准研究,批准号：41774025,申请代码：D0402,项目类别：面上项目,项目负责人： 黄观文,资助经费：70.0（万元）,批准年度：2017,结题年度：2021,依托单位： 长安大学,关键词： 实时； 基准； 北斗卫星导航系统； 星载原子钟； 卫星钟差
41.基于光学性能检测的高效卵细胞质量评价方法研究,批准号：11804235,申请代码：A2210,项目类别：青年科学基金项目,项目负责人： 田宁,资助经费：21.0（万元）,批准年度：2018,结题年度：2021,依托单位： 沈阳师范大学,关键词： 偏振； 卵细胞质量； 无损成像； 全场光学相干层析； 背向光散射
42.优化用户体验质量的移动边缘智能缓存技术研究,批准号：61802233,申请代码：F0208,项目类别：青年科学基金项目,项目负责人： 张玮,资助经费：26.0（万元）,批准年度：2018,结题年度：2021,依托单位： 山东省科学院,关键词： 移动边缘计算； 移动网络； 边缘缓存； 网络服务质量； 用户体验质量
43.北京谱仪III在线数据质量监测系统升级与研究,批准号：11775245,申请代码：A2806,项目类别：面上项目,项目负责人： 季晓斌,资助经费：84.0（万元）,批准年度：2017,结题年度：2021,依托单位： 中国科学院高能物理研究所,关键词： 实时； 监测； 离线软件； 部分重建； 事例重建
44.基于图像融合的高动态范围图像获取及其质量评价,批准号：61803061,申请代码：F0306,项目类别：青年科学基金项目,项目负责人： 朱智勤,资助经费：24.0（万元）,批准年度：2018,结题年度：2021,依托单位： 重庆邮电大学,关键词： 信息融合； 图像融合； 高动态范围图像
45.基于回音壁模式微腔的单个纳米颗粒质量传感研究,批准号：61805103,申请代码：F0503,项目类别：青年科学基金项目,项目负责人： 郅燕燕,资助经费：26.0（万元）,批准年度：2018,结题年度：2021,依托单位： 暨南大学,关键词： 单个纳米颗粒检测； 质量传感； 光学微腔； 光学传感； 回音壁模式
46.PM2.5近质量闭合在线集成测量与实时源解析,批准号：91744202,申请代码：D0506,项目类别：重大研究计划,项目负责人： 黄晓锋,资助经费：298.0（万元）,批准年度：2017,结题年度：2021,依托单位： 北京大学深圳研究生院,关键词： 细颗粒物； 重污染过程； 在线测量； 实时源解析； 京津冀
47.基于有序分类的食品感官质量智能化评估方法研究,批准号：71801065,申请代码：G0108,项目类别：青年科学基金项目,项目负责人： 张忠良,资助经费：20.0（万元）,批准年度：2018,结题年度：2021,依托单位： 杭州电子科技大学,关键词： 质量控制； 质量评估； 有序分类； 质量改进； 食品感官
48.专利静态特征和动态关系对专利质量的影响机理研究,批准号：71774120,申请代码：G0403,项目类别：面上项目,项目负责人： 张克群,资助经费：49.0（万元）,批准年度：2017,结题年度：2021,依托单位： 武汉大学,关键词： 社会网络分析； 指数； 专利计量； H； 专利质量
49.云机器人系统的服务质量保证方法研究,批准号：61802450,申请代码：F0203,项目类别：青年科学基金项目,项目负责人： 陈武辉,资助经费：25.0（万元）,批准年度：2018,结题年度：2021,依托单位： 中山大学,关键词： 服务计算； 服务； 服务质量； Web
50.分布质量负载吊挂系统扭转动力学机理与控制,批准号：51775041,申请代码：E0503,项目类别：面上项目,项目负责人： 黄杰,资助经费：60.0（万元）,批准年度：2017,结题年度：2021,依托单位： 北京理工大学,关键词： 动力学模型； 多体系统； 动力学行为； 振动控制； 机械动力学
51.面向微纳制造过程的不确定性质量设计,批准号：71771121,申请代码：G0108,项目类别：面上项目,项目负责人： 汪建均,资助经费：49.0（万元）,批准年度：2017,结题年度：2021,依托单位： 南京理工大学,关键词： 制造过程质量控制； 质量工程； 稳健优化设计； 试验设计与分析； 质量改进
52.群智感知系统中数据质量保证关键技术研究,批准号：61772077,申请代码：F0208,项目类别：面上项目,项目负责人： 李凡,资助经费：66.0（万元）,批准年度：2017,结题年度：2021,依托单位： 北京理工大学,关键词： 数据收集； 群智感知； 数据传输； 激励机制； 数据质量管理
53.利用极端质量比旋近检验黑洞无毛定理的研究,批准号：11805286,申请代码：A2504,项目类别：青年科学基金项目,项目负责人： 张建东,资助经费：28.0（万元）,批准年度：2018,结题年度：2021,依托单位： 中山大学,关键词： 黑洞； 引力波探测； 检验广义相对论； 极端质量比旋近； 无毛定理
54.边缘云中服务质量感知的可靠资源分配优化算法研究,批准号：61802048,申请代码：F0207,项目类别：青年科学基金项目,项目负责人： 徐子川,资助经费：27.0（万元）,批准年度：2018,结题年度：2021,依托单位： 大连理工大学,关键词： 边缘计算； 网络资源管理； 算法设计； 可靠性； 服务质量感知
55.具有反馈机制的科技论文内容质量可计算化评价模型研究,批准号：71804123,申请代码：G0403,项目类别：青年科学基金项目,项目负责人： 侯志江,资助经费：19.5（万元）,批准年度：2018,结题年度：2021,依托单位： 天津理工大学,关键词： 创新性评价； 学术评价； 论文质量； 意见反馈机制； 论证合理性
56.氮沉降对香榧花芽分化数量和成花质量的调控,批准号：31800579,申请代码：C1611,项目类别：青年科学基金项目,项目负责人： 张瑞,资助经费：25.0（万元）,批准年度：2018,结题年度：2021,依托单位： 浙江农林大学,关键词： 氮沉降； 环境因子； 香榧； 成花质量； 花芽分化
57.“互联网+”环境下养老服务的质量设计理论与方法,批准号：71771070,申请代码：G0108,项目类别：面上项目,项目负责人： 雒兴刚,资助经费：50.0（万元）,批准年度：2017,结题年度：2021,依托单位： 杭州电子科技大学,关键词： 质量管理； 服务运作管理； 质量功能展开
58.让建言更多含金量：员工建言质量的内涵、测量与前因机制研究,批准号：71802008,申请代码：G0208,项目类别：青年科学基金项目,项目负责人： 江静,资助经费：18.0（万元）,批准年度：2018,结题年度：2021,依托单位： 北京第二外国语学院,关键词： 测量； 批判性思维； 建言行为； 建言质量； 内隐建言理论
59.层状铝合金复合材料连铸坯界面质量控制研究,批准号：51804279,申请代码：E0414,项目类别：青年科学基金项目,项目负责人： 武立,资助经费：28.0（万元）,批准年度：2018,结题年度：2021,依托单位： 中北大学,关键词： 数值模拟； 铝合金； 连续铸造； 层状金属复合材料
60.农地确权、调整经历与农户耕地质量保护行为：机理与实证,批准号：71803077,申请代码：G0311,项目类别：青年科学基金项目,项目负责人： 钱龙,资助经费：17.0（万元）,批准年度：2018,结题年度：2021,依托单位： 南京财经大学,关键词： 农地确权； 土地调整经历； 耕地质量保护行为； 产权安全； 调节机制
61.企业技术联系与审计质量-基于中国上市企业专利技术分类信息,批准号：71802191,申请代码：G0206,项目类别：青年科学基金项目,项目负责人： 曾姝,资助经费：19.0（万元）,批准年度：2018,结题年度：2021,依托单位： 中南财经政法大学,关键词： 审计定价； 技术相似度； 技术联系； 审计质量
62.制度环境、商业银行会计信息质量与资源配置效率,批准号：71772037,申请代码：G0206,项目类别：面上项目,项目负责人： 祝继高,资助经费：48.0（万元）,批准年度：2017,结题年度：2021,依托单位： 对外经济贸易大学,关键词： 商业银行； 制度环境； 会计信息质量； 资源配置效率
63.基于质量控制的易腐食品供应链调度：模型、算法与应用,批准号：71801013,申请代码：G0109,项目类别：青年科学基金项目,项目负责人： 魏文超,资助经费：18.0（万元）,批准年度：2018,结题年度：2021,依托单位： 北京交通大学,关键词： 供应链调度； 易腐性； 优化模型与算法
64.视觉感知双目融合建模及立体图像质量评价方法研究,批准号：61771223,申请代码：F0116,项目类别：面上项目,项目负责人： 李朝锋,资助经费：62.0（万元）,批准年度：2017,结题年度：2021,依托单位： 上海海事大学,关键词： 人类视觉系统； 立体图像质量评价； 双目融合； 复小波变换； 集成学习
65.考虑复杂情形的服务供应链质量控制容错策略研究,批准号：71771044,申请代码：G0108,项目类别：面上项目,项目负责人： 张翠华,资助经费：49.0（万元）,批准年度：2017,结题年度：2021,依托单位： 东北大学,关键词： 质量控制； 行为实验； 服务供应链； 容错策略； 复杂情形
66.基于大数据方法的省域耕地质量等级精细评价研究,批准号：41771243,申请代码：D0709,项目类别：面上项目,项目负责人： 周生路,资助经费：63.0（万元）,批准年度：2017,结题年度：2021,依托单位： 南京大学,关键词： 耕地质量； 深度学习； 土地评价； 省域尺度； 大数据
67.基于结构-过程-结果（SPO）理论的日间手术质量安全体系构建,批准号：71804117,申请代码：G0406,项目类别：青年科学基金项目,项目负责人： 宋应寒,资助经费：18.5（万元）,批准年度：2018,结题年度：2021,依托单位： 四川大学,关键词： 医疗服务质量； 医疗服务模式； 安全评价； 日间手术； 医疗安全
68.供应质量不可缔约情形下的网上服务采购多属性拍卖设计,批准号：71801122,申请代码：G0103,项目类别：青年科学基金项目,项目负责人： 李志鹏,资助经费：18.0（万元）,批准年度：2018,结题年度：2021,依托单位： 南昌大学,关键词： 多属性采购拍卖； 服务质量； 不完全契约； 服务外包； 机制设计
69.联合数据驱动的轧钢过程质量相关故障诊断方法及其应用,批准号：61773053,申请代码：F0301,项目类别：面上项目,项目负责人： 董洁,资助经费：64.0（万元）,批准年度：2017,结题年度：2021,依托单位： 北京科技大学,关键词： 故障辨识； 工况监测； 故障定位； 故障检测； 故障诊断
70.应对智能移动计算平台演化的应用软件质量保障技术的研究,批准号：61802164,申请代码：F0203,项目类别：青年科学基金项目,项目负责人： 刘烨庞,资助经费：23.0（万元）,批准年度：2018,结题年度：2021,依托单位： 南方科技大学,关键词： 缺陷模式； 源代码分析； 缺陷检测； 程序分析
71.紫色土坡耕地耕层质量对侵蚀/管理响应机制试验研究,批准号：41771310,申请代码：D0710,项目类别：面上项目,项目负责人： 史东梅,资助经费：63.0（万元）,批准年度：2017,结题年度：2021,依托单位： 西南大学,关键词： 坡耕地； 耕层质量； 紫色丘陵区； 侵蚀危害性评价； 实验模拟
72.微缩干涉阵列集成光学成像质量全链路表征与提升研究,批准号：61775174,申请代码：F0501,项目类别：面上项目,项目负责人： 王晓蕊,资助经费：62.0（万元）,批准年度：2017,结题年度：2021,依托单位： 西安电子科技大学,关键词： U-V空间频谱覆盖； 图像计算重构； 全链路成像质量表征； 多维光场转换； 微缩干涉集成成像
73.小质量X射线双星暂现源的暗弱爆发及其吸积物理,批准号：11773055,申请代码：A1503,项目类别：面上项目,项目负责人： 闫震,资助经费：64.0（万元）,批准年度：2017,结题年度：2021,依托单位： 中国科学院上海天文台,关键词： X射线双星； 吸积盘； X射线暂现源
74.搜索类平台对厂商产品质量劣化的作用机制研究,批准号：71773064,申请代码：G0309,项目类别：面上项目,项目负责人： 曲创,资助经费：47.0（万元）,批准年度：2017,结题年度：2021,依托单位： 山东大学,关键词： 质量劣化； 搜索类平台； 网络中立； 双边市场； 规制
75.重写系统的基础理论及其在软件质量保障中的应用,批准号：61802259,申请代码：F0201,项目类别：青年科学基金项目,项目负责人： 刘嘉祥,资助经费：24.0（万元）,批准年度：2018,结题年度：2021,依托单位： 深圳大学,关键词： 重写系统； 交互式定理证明； 合流性； 形式化验证
76.契约关系、技术信息干预与菜农设施蔬菜耕地质量保护行为研究,批准号：71803069,申请代码：G0311,项目类别：青年科学基金项目,项目负责人： 郑微微,资助经费：20.0（万元）,批准年度：2018,结题年度：2021,依托单位： 江苏省农业科学院,关键词： 技术选择； 契约关系； 技术信息干预； 设施蔬菜； 耕地质量保护
77.移动互联网中支持隐私保护的服务需求及体验质量预测研究,批准号：61772560,申请代码：F0207,项目类别：面上项目,项目负责人： 邝砾,资助经费：62.0（万元）,批准年度：2017,结题年度：2021,依托单位： 中南大学,关键词： 移动互联网； 服务QoS； 协同过滤； 体验质量预测； 隐私保护
78.粘弹性碰撞调谐质量阻尼器减振机理及优化设计研究,批准号：51808092,申请代码：E0806,项目类别：青年科学基金项目,项目负责人： 张鹏,资助经费：24.0（万元）,批准年度：2018,结题年度：2021,依托单位： 大连海事大学,关键词： 碰撞力模型； 粘弹性材料； 结构振动控制； 优化设计； 碰撞调谐质量阻尼器
79.大质量比延展体双星动力学和引力波建模研究,批准号：11773059,申请代码：A1803,项目类别：面上项目,项目负责人： 韩文标,资助经费：64.0（万元）,批准年度：2017,结题年度：2021,依托单位： 中国科学院上海天文台,关键词： 引力波天文学； 相对论天体力学； 致密双星系统
80. 售电侧放开环境下差异化电能质量决策方法研究,批准号：51807172,申请代码：E0704,项目类别：青年科学基金项目,项目负责人： 董海艳,资助经费：25.0（万元）,批准年度：2018,结题年度：2021,依托单位： 燕山大学,关键词： 差异化供电质量； 购售电决策； 售电侧放开； 综合评价； 负荷区域聚类
81.基于多源数据精化冰雪密度及冰盖质量变化的研究,批准号：41804014,申请代码：D0401,项目类别：青年科学基金项目,项目负责人： 苏晓莉,资助经费：26.0（万元）,批准年度：2018,结题年度：2021,依托单位： 华中科技大学,关键词： IceBridge； 冰盖质量变化； GRACE/GRACE-Follow-On； Envisat/CryoSat-2/SARAL； 冰雪密度
82.出口专业化，产品质量升级与经济增长效应研究,批准号：71803179,申请代码：G0305,项目类别：青年科学基金项目,项目负责人： 岑丽君,资助经费：17.0（万元）,批准年度：2018,结题年度：2021,依托单位： 浙江工业大学,关键词： 增长效率； 质量阶梯； 质量升级； 出口专业化
83.面向政府大数据资源治理与共享的数据质量管理标准研究,批准号：92046017,申请代码：G0414,项目类别：重大研究计划,项目负责人： 洪学海,资助经费：20.0（万元）,批准年度：2020,结题年度：2021,依托单位： 中国科学院计算技术研究所,关键词： 政府大数据； 标准化； 案例分析； 共享机制； 分析框架
84.基于装配质量的滚珠丝杠进给系统热力耦合机理的理论与试验研究,批准号：51775094,申请代码：E0503,项目类别：面上项目,项目负责人： 赵春雨,资助经费：60.0（万元）,批准年度：2017,结题年度：2021,依托单位： 东北大学,关键词： 动力学模型； 系统动力学； 动力学行为； 机械结构； 摩擦
85.基于质量矩技术的低轨微纳卫星星座相位部署方法研究,批准号：61803204,申请代码：F0302,项目类别：青年科学基金项目,项目负责人： 陆正亮,资助经费：25.0（万元）,批准年度：2018,结题年度：2021,依托单位： 南京理工大学,关键词： 星座； 微纳卫星； 气动差分； 相位部署； 质量矩
86.基于多尺度深度网络的低质量点云特征线提取与优化研究,批准号：61802204,申请代码：F0209,项目类别：青年科学基金项目,项目负责人： 聂建辉,资助经费：26.0（万元）,批准年度：2018,结题年度：2021,依托单位： 南京邮电大学,关键词： 深度神经网络； 边界线； 脊谷线； 点云； 多尺度
87.面向应用需求的可见光与红外彩色融合图像综合质量评价,批准号：61801517,申请代码：F0116,项目类别：青年科学基金项目,项目负责人： 高绍姝,资助经费：25.0（万元）,批准年度：2018,结题年度：2021,依托单位： 中国石油大学（华东）,关键词： 评价标准； 图像质量评价； 评价方法
88.以蟾酥为例探讨“TOE”思路下的动物药质量控制内涵研究,批准号：81773897,申请代码：H3204,项目类别：面上项目,项目负责人： 高慧敏,资助经费：55.0（万元）,批准年度：2017,结题年度：2021,依托单位： 中国中医科学院中药研究所,关键词： TOE； 质量控制方法； 药效成分； 蟾酥； 质量平衡法
89.能量天平质量量子基准中感应线圈准直误差抑制方法研究,批准号：51805507,申请代码：E0511,项目类别：青年科学基金项目,项目负责人： 白洋,资助经费：28.0（万元）,批准年度：2018,结题年度：2021,依托单位： 中国计量科学研究院,关键词： 千克量子化定义； 感应线圈； 准直方法； 能量天平； 多自由度测量
90.低质量X射线双星吸积中子星宁静光度和壳冷却性质研究,批准号：11803026,申请代码：A1503,项目类别：青年科学基金项目,项目负责人： 刘荷蕾,资助经费：27.0（万元）,批准年度：2018,结题年度：2021,依托单位： 新疆大学,关键词： 吸积中子星； X射线暴； 浅热源； 宁静光度； 壳冷却
91.基于液体透镜的快速高质量计算全息三维显示技术,批准号：61805130,申请代码：F0501,项目类别：青年科学基金项目,项目负责人： 王迪,资助经费：27.0（万元）,批准年度：2018,结题年度：2021,依托单位： 北京航空航天大学,关键词： 全息投影； 全息再现； 空间光调制器； 全息显示； 彩色全息显示
92.人工围堰和互花米草扩张下海滨湿地景观生境质量演变机制研究,批准号：41771199,申请代码：D0105,项目类别：面上项目,项目负责人： 张华兵,资助经费：65.0（万元）,批准年度：2017,结题年度：2021,依托单位： 盐城师范学院,关键词： 模型模拟； 时空动态； 盐城海滨湿地； 景观生境质量
93.基于统计建模理论和深度学习技术的城市环境空气质量研究,批准号：11801019,申请代码：A0403,项目类别：青年科学基金项目,项目负责人： 赵旭,资助经费：25.0（万元）,批准年度：2018,结题年度：2021,依托单位： 北京工业大学,关键词： 厚尾模型； 核机器； 动态阈值建模； 深度学习； 生成式对抗网络
94.基于准直器光栅的太阳硬X射线傅里叶成像质量研究,批准号：11803093,申请代码：A1903,项目类别：青年科学基金项目,项目负责人： 陈灯意,资助经费：26.0（万元）,批准年度：2018,结题年度：2021,依托单位： 中国科学院紫金山天文台,关键词： 准直器光栅； 成像质量； 傅里叶变换； 硬X射线
95.互联网信息级联效应下木质林产品厂商的质量行为研究,批准号：71803025,申请代码：G0311,项目类别：青年科学基金项目,项目负责人： 郑义,资助经费：18.0（万元）,批准年度：2018,结题年度：2021,依托单位： 福建农林大学,关键词： 林业企业； 信息级联； 木质林产品； 互联网； 产品质量
96.质量信息不完备条件下的市场行为决策与均衡理论研究,批准号：71803137,申请代码：G0304,项目类别：青年科学基金项目,项目负责人： 王峥,资助经费：18.0（万元）,批准年度：2018,结题年度：2021,依托单位： 首都经济贸易大学,关键词： 不完全信息； 非合作博弈； 机制设计
97.混杂协作式环境中基于多Agent博弈的众包质量优化模型研究,批准号：61806053,申请代码：F0608,项目类别：青年科学基金项目,项目负责人： 王万元,资助经费：25.0（万元）,批准年度：2018,结题年度：2021,依托单位： 东南大学,关键词： 多智能体系统； 质量优化； 众包； 博弈论； 混杂协作式环境
98.经费投入对高等教育质量的影响：来自医学教育的证据,批准号：71804005,申请代码：G0407,项目类别：青年科学基金项目,项目负责人： 吴红斌,资助经费：17.5（万元）,批准年度：2018,结题年度：2021,依托单位： 北京大学,关键词： 教育资源配置； 教育经费； 教育投入； 人才培养
99.移动O2O医疗服务质量评价研究：自助服务技术理论视角,批准号：71804133,申请代码：G0405,项目类别：青年科学基金项目,项目负责人： 熊晶晶,资助经费：18.0（万元）,批准年度：2018,结题年度：2021,依托单位： 温州医科大学,关键词： 医疗服务质量； 质量管理； 医疗服务模式； 自助服务技术； 医院运营管理
100.旋翼无人机气象环境观测的数据分析与质量控制,批准号：41805022,申请代码：D0509,项目类别：青年科学基金项目,项目负责人： 徐家平,资助经费：26.5（万元）,批准年度：2018,结题年度：2021,依托单位： 江苏省气象科学研究所,关键词： 旋翼无人机； 数据质量控制； PM2.5； 对比观测； 大气边界层
101.基于帧间运动流形表示的数字视频稳像及质量评价方法研究,批准号：61772069,申请代码：F0209,项目类别：面上项目,项目负责人： 张磊,资助经费：63.0（万元）,批准年度：2017,结题年度：2021,依托单位： 北京理工大学,关键词： 图像视频去抖动
102.基于双稳态质量阻尼器的浮式风力机结构振动控制研究,批准号：51809209,申请代码：E1101,项目类别：青年科学基金项目,项目负责人： 汪利先,资助经费：25.0（万元）,批准年度：2018,结题年度：2021,依托单位： 武汉理工大学,关键词： 计算水波动力学； 结构振动控制； 浮式风力机； 双稳态质量阻尼器
103.面向烧结复杂时滞特征的多时间尺度质量性能指标建模,批准号：61803214,申请代码：F0303,项目类别：青年科学基金项目,项目负责人： 陈晓霞,资助经费：25.0（万元）,批准年度：2018,结题年度：2021,依托单位： 宁波大学,关键词： 烧结过程； 质量指标； 多时间尺度建模； 时滞； 数据建模
104.低质量中子星X射线双星中毫赫兹准周期震荡信号的研究,批准号：11803025,申请代码：A1503,项目类别：青年科学基金项目,项目负责人： 吕铭,资助经费：28.0（万元）,批准年度：2018,结题年度：2021,依托单位： 湘潭大学,关键词： 吸积中子星； X射线双星； 时变分析； 数据处理； 毫赫兹频率准周期震荡信号
105.大数据驱动的异构无线网络用户体验质量QoE优化技术研究,批准号：61772287,申请代码：F0207,项目类别：面上项目,项目负责人： 田峰,资助经费：58.0（万元）,批准年度：2017,结题年度：2021,依托单位： 南京邮电大学,关键词： 异构无线网络； 大规模优化； 用户体验质量； 大数据； 机器学习
106.用基因手段来研究内质网中GPI锚定蛋白的质量控制机制,批准号：31770853,申请代码：C0506,项目类别：面上项目,项目负责人： 藤田盛久,资助经费：55.0（万元）,批准年度：2017,结题年度：2021,依托单位： 江南大学,关键词： 蛋白质折叠； 糖基磷酸化肌醇化蛋白（GPI蛋白）； 调控机制
107.分布式流数据近似计算在线质量保证机制与策略研究,批准号：61772228,申请代码：F0204,项目类别：面上项目,项目负责人： 魏晓辉,资助经费：65.0（万元）,批准年度：2017,结题年度：2021,依托单位： 吉林大学,关键词： 分布式流处理； 流数据； 误差分析； 质量保证； 近似计算
108.基于化学成分敲除与活血化瘀功效定量的川芎质量评价研究,批准号：81773896,申请代码：H3204,项目类别：面上项目,项目负责人： 吕光华,资助经费：50.0（万元）,批准年度：2017,结题年度：2021,依托单位： 成都中医药大学,关键词： 药效成分； 川芎； 化学成分敲除； 质量评价
109.高质量超长银纳米线的控制合成及其在透明网络电极中的应用,批准号：21761016,申请代码：B0103,项目类别：地区科学基金项目,项目负责人： 杨宏伟,资助经费：38.0（万元）,批准年度：2017,结题年度：2021,依托单位： 昆明贵金属研究所,关键词： 透明电极； 透光率； 涂布液； 长径比； 银纳米线
110.基于深度学习的多特征层次化用户生产内容质量测度与缺陷检测模型研究,批准号：71774121,申请代码：G0414,项目类别：面上项目,项目负责人： 王平,资助经费：48.0（万元）,批准年度：2017,结题年度：2021,依托单位： 武汉大学,关键词： 质量缺陷检测； 深度学习； 用户生成内容； 质量测度
111.自然界中偶数汞同位素非质量分馏的来源和机理研究,批准号：41773146,申请代码：D0707,项目类别：面上项目,项目负责人： Jonas Sommar,资助经费：69.0（万元）,批准年度：2017,结题年度：2021,依托单位： 中国科学院地球化学研究所,关键词： 来源解析； 非质量分馏； 偶数同位素； 汞
112.高质量产品的可靠性监控与数据分析技术研究,批准号：71771221,申请代码：G0108,项目类别：面上项目,项目负责人： 张才文,资助经费：47.0（万元）,批准年度：2017,结题年度：2021,依托单位： 中山大学,关键词： 可靠性监控； 高质量； 统计质量控制； 高删失数据； 产品可靠性
113.基于质谱响应探针和纸基微流控的中药质量评价方法研究,批准号：81803714,申请代码：H3204,项目类别：青年科学基金项目,项目负责人： 李振皓,资助经费：21.0（万元）,批准年度：2018,结题年度：2021,依托单位： 浙江大学,关键词： 实时直接分析质谱； 纸基微流控； 生物活性检测； 中药质量评价； 质谱响应探针
114.拉萨河谷设施农业土壤质量变化及其对生产方式的响应,批准号：41771113,申请代码：D0105,项目类别：面上项目,项目负责人： 王兆锋,资助经费：70.0（万元）,批准年度：2017,结题年度：2021,依托单位： 中国科学院地理科学与资源研究所,关键词： 土壤退化； 农业土地资源系统； 地域分异规律； 土壤区域特征； 土壤质量
115.熔铸体系炸药装药在加压成型条件下高效提高装药质量的机理研究,批准号：11772060,申请代码：A1201,项目类别：面上项目,项目负责人： 张向荣,资助经费：68.0（万元）,批准年度：2017,结题年度：2021,依托单位： 北京理工大学,关键词： 凝固冷却速率； 熔铸炸药装药质量； 界面换热系数； 缩孔缩松判据； 成型压力
116.基于高频限价订单簿的证券交易行为对市场质量影响的研究,批准号：71803012,申请代码：G0307,项目类别：青年科学基金项目,项目负责人： 李堃,资助经费：20.0（万元）,批准年度：2018,结题年度：2021,依托单位： 北京师范大学,关键词： 高频交易； 市场异动； 限价订单簿； 投资者交易行为； 市场质量
117.基于操作参数深度优化的高炉铁水质量窄窗口智能化稳定控制,批准号：61773406,申请代码：F0310,项目类别：面上项目,项目负责人： 蒋朝辉,资助经费：65.0（万元）,批准年度：2017,结题年度：2021,依托单位： 中南大学,关键词： 操作参数深度优化； 高炉； 趋势预报； 铁水质量； 窄窗口稳定控制
118.黄土丘陵区煤矿区复垦土壤质量演变过程与定向培育,批准号：U1710255,申请代码：E0407,项目类别：联合基金项目,项目负责人： 徐明岗,资助经费：285.0（万元）,批准年度：2017,结题年度：2021,依托单位： 中国农业科学院农业资源与农业区划研究所,关键词： 复垦土壤； 土壤有机质； 土壤团聚体； 土壤微生物多样性； 土壤肥力
119.基于扭摆的空间引力波探测中检验质量磁性干扰及磁性测量的研究,批准号：91836105,申请代码：A2504,项目类别：重大研究计划,项目负责人： 吴书朝,资助经费：80.0（万元）,批准年度：2018,结题年度：2021,依托单位： 华中科技大学,关键词： 空间引力波探测； 惯性传感器； 扭摆； 检验质量； 磁性
120.农业企业：企业社会责任行为与农产品质量安全保障研究,批准号：71773031,申请代码：G0311,项目类别：面上项目,项目负责人： 欧晓明,资助经费：47.0（万元）,批准年度：2017,结题年度：2021,依托单位： 华南农业大学,关键词： 农业企业； 食品安全； 均衡模型； 企业社会责任； 行为选择
121.高质量标架场辅助的六面体网格优化方法研究,批准号：61802211,申请代码：F0209,项目类别：青年科学基金项目,项目负责人： 王瑞,资助经费：22.0（万元）,批准年度：2018,结题年度：2021,依托单位： 宁波大学,关键词： 几何优化模型； 流面引导结构调整； 六面体网格； 标架场辅助优化； 六面体网格拓扑优化
122.时空动态复杂网络下的空气质量传播行为模式和演变分析方法研究,批准号：61772451,申请代码：F0205,项目类别：面上项目,项目负责人： 黄国言,资助经费：64.0（万元）,批准年度：2017,结题年度：2021,依托单位： 燕山大学,关键词： 演化模型； 群体行为演化； 复杂性科学； 群体结构
123.面向用户体验质量的虚拟现实视频流自适应网络通信机制研究,批准号：61801341,申请代码：F0108,项目类别：青年科学基金项目,项目负责人： 韩一,资助经费：23.0（万元）,批准年度：2018,结题年度：2021,依托单位： 武汉理工大学,关键词： 视频通信； 用户体验质量； 自适应编码； 虚拟现实； 网络优化
124.农户异质性视角下耕地质量保护的信息干预机制与政策优化研究,批准号：71773053,申请代码：G0311,项目类别：面上项目,项目负责人： 应瑞瑶,资助经费：49.0（万元）,批准年度：2017,结题年度：2021,依托单位： 南京农业大学,关键词： 农户异质性； 农户行为； 耕地质量保护； 信息干预； 可持续农业技术
125.高质量激光自倍频晶体和十瓦级自倍频绿光激光器研究,批准号：51632004,申请代码：E0201,项目类别：重点项目,项目负责人： 张怀金,资助经费：285.0（万元）,批准年度：2016,结题年度：2021,依托单位： 山东大学,关键词： 掺钕激光晶体； 激光器件； 掺镱激光晶体； 激光自倍频晶体； 热导率
126.破解高质量低费用确定型test-per-clock测试难题的新方法,批准号：61804037,申请代码：F0402,项目类别：青年科学基金项目,项目负责人： 刘铁桥,资助经费：24.0（万元）,批准年度：2018,结题年度：2021,依托单位： 浙江财经大学,关键词： Test-per-clock测试； 内建自测试(BIST)； 测试生成
127.生产过程质量控制的数据驱动建模及基于成本的动态优化方法研究,批准号：71801179,申请代码：G0108,项目类别：青年科学基金项目,项目负责人： 李乘龙,资助经费：20.0（万元）,批准年度：2018,结题年度：2021,依托单位： 西北工业大学,关键词： 质量控制； 数据驱动； 过程失效机制； 动态优化； 经济设计
128.耦合主被动遥感数据与空气质量模式的PM2.5优化估算研究,批准号：41771380,申请代码：D0113,项目类别：面上项目,项目负责人： 姚凌,资助经费：60.0（万元）,批准年度：2017,结题年度：2021,依托单位： 中国科学院地理科学与资源研究所,关键词： 模型-观测同化； 最优估计； 气溶胶； 定量反演； 光学厚度
129.云计算中空间数据服务组合模型及其服务质量的研究,批准号：61772320,申请代码：F0207,项目类别：面上项目,项目负责人： 许娜,资助经费：67.0（万元）,批准年度：2017,结题年度：2021,依托单位： 中国矿业大学（北京）,关键词： 服务质量； 云计算； 空间数据； 大数据
130.旋转填充床中化学反应与转子质量不平衡的耦合作用机制,批准号：51775029,申请代码：E0503,项目类别：面上项目,项目负责人： 王峰,资助经费：60.0（万元）,批准年度：2017,结题年度：2021,依托单位： 北京化工大学,关键词： 故障识别； 转子； 质量不平衡； 化学反应
131.基于化学气泡解理法高产率制备高质量、横向尺寸可控的石墨烯片层,批准号：51802337,申请代码：E0203,项目类别：青年科学基金项目,项目负责人： 何朋,资助经费：25.0（万元）,批准年度：2018,结题年度：2021,依托单位： 中国科学院上海微系统与信息技术研究所,关键词： 石墨烯； 横向尺寸控制； 高质量； 气泡解理； 高产率
132.繁殖密度和栖息地质量对野生朱鹮种群扩散的影响机制及保护对策研究,批准号：31772483,申请代码：C0405,项目类别：面上项目,项目负责人： 丁长青,资助经费：63.0（万元）,批准年度：2017,结题年度：2021,依托单位： 北京林业大学,关键词： 就地保护； 种群扩散； 繁殖密度； 栖息地质量； 濒危
133.结直肠癌中的RNA质量监控基因upf1突变及其分子机制研究,批准号：81802771,申请代码：H1802,项目类别：青年科学基金项目,项目负责人： 刘辰,资助经费：21.0（万元）,批准年度：2018,结题年度：2021,依托单位： 杭州师范大学,关键词： apc基因； 表达调控； 无义介导的mRNA降解（NMD）途径； 结直肠癌； upf1基因
134.复杂制造过程中基于多通道数据的质量控制建模理论与方法研究,批准号：51775108,申请代码：E0510,项目类别：面上项目,项目负责人： 张志胜,资助经费：60.0（万元）,批准年度：2017,结题年度：2021,依托单位： 东南大学,关键词： 过程质量控制； 多通道数据； 分层正则化； 混合效应模型； 不相关多线性主成分分析
135.MenSCs线粒体移植改善高龄小鼠卵母细胞质量及生殖力的实验研究,批准号：81801529,申请代码：H0420,项目类别：青年科学基金项目,项目负责人： 郝建秀,资助经费：21.0（万元）,批准年度：2018,结题年度：2021,依托单位： 中国人民解放军总医院,关键词： 子宫内膜间充质干细胞； 高龄； 线粒体移植； 卵子质量
136.基于特征肽类成分的动物药整体质量评价体系研究：以地龙为例,批准号：81803716,申请代码：H3204,项目类别：青年科学基金项目,项目负责人： 毕启瑞,资助经费：23.0（万元）,批准年度：2018,结题年度：2021,依托单位： 中国科学院上海药物研究所,关键词： 氧18同位素标记； 特征肽； 地龙； 多肽组学
137.考虑行为因素复合作用的服务供应链质量控制自适应策略研究,批准号：71801118,申请代码：G0108,项目类别：青年科学基金项目,项目负责人： 邢鹏,资助经费：19.0（万元）,批准年度：2018,结题年度：2021,依托单位： 辽宁大学,关键词： 质量控制； 行为实验； 复合作用； 服务供应链； 自适应策略
138.金融行为中介作用下农民金融素养对收入质量的影响机制及提升策略研究,批准号：71773094,申请代码：G0311,项目类别：面上项目,项目负责人： 孔荣,资助经费：49.0（万元）,批准年度：2017,结题年度：2021,依托单位： 西北农林科技大学,关键词： 金融素养； 中西部地区； 金融行为； 农民； 收入质量
139.用于空气质量监测的便携式霍尔纳米传感器核心芯片研发,批准号：61771111,申请代码：F0118,项目类别：面上项目,项目负责人： 樊华,资助经费：63.0（万元）,批准年度：2017,结题年度：2021,依托单位： 电子科技大学,关键词： 校正； 电容失配； 霍尔传感器； 颗粒物； 模数转换器
140.天然光非视觉生物效应对中青年睡眠质量与觉醒度的关联影响研究,批准号：51778322,申请代码：E0803,项目类别：面上项目,项目负责人： 张昕,资助经费：60.0（万元）,批准年度：2017,结题年度：2021,依托单位： 清华大学,关键词： 觉醒度； 天然光； 睡眠质量； 健康导向的设计体系； 非视觉效应
141.合作社农产品质量治理：基于成员层面的理论与实证研究,批准号：71773044,申请代码：G0311,项目类别：面上项目,项目负责人： 蔡荣,资助经费：47.0（万元）,批准年度：2017,结题年度：2021,依托单位： 南京财经大学,关键词： 契约制度； 治理机制； 社会资本； 合作社； 农产品质量
142.围绕大质量恒星形成的天鹅座X区多波段分子谱线巡天,批准号：U1731237,申请代码：A3301,项目类别：联合基金项目,项目负责人： 邱科平,资助经费：240.0（万元）,批准年度：2017,结题年度：2021,依托单位： 南京大学,关键词： 星际分子； 射电天文； 分子谱线； 恒星形成； 分子云
143.基于社区参与的老年人社会支持干预及其对生命质量的影响机制研究,批准号：71804029,申请代码：G0405,项目类别：青年科学基金项目,项目负责人： 林艳伟,资助经费：17.5（万元）,批准年度：2018,结题年度：2021,依托单位： 广东医科大学,关键词： 干预效果； 对照组； 社区卫生
144.超薄激光晶片的超精密加工工艺及几何精度和表面质量协调控制方法,批准号：51775084,申请代码：E0509,项目类别：面上项目,项目负责人： 朱祥龙,资助经费：60.0（万元）,批准年度：2017,结题年度：2021,依托单位： 大连理工大学,关键词： 激光晶体； 表面质量； 抛光； 面形精度； 超薄晶片
145.人体皮肤VOCs的散发机理、反应特性及对室内空气质量的影响研究,批准号：51778053,申请代码：E0803,项目类别：面上项目,项目负责人： 熊建银,资助经费：60.0（万元）,批准年度：2017,结题年度：2021,依托单位： 北京理工大学,关键词： 散发机理； 关键参数； 挥发性有机物； 皮肤； 室内空气质量
146.基于食品质量安全HACCP多源异构数据的领域本体建模及应用研究,批准号：61806177,申请代码：F0607,项目类别：青年科学基金项目,项目负责人： 张寅升,资助经费：20.0（万元）,批准年度：2018,结题年度：2021,依托单位： 浙江工商大学,关键词： 贝叶斯统计推断； 领域本体； 特征选择； 危害分析与关键控制点； 食品质量安全
147.基于质量迁移指纹和GRACE数据解算地心运动及地球动力学扁率时变,批准号：41801393,申请代码：D0115,项目类别：青年科学基金项目,项目负责人： 孙玉,资助经费：26.5（万元）,批准年度：2018,结题年度：2021,依托单位： 福州大学,关键词： GRACE卫星； 地心运动； 指纹； 质量迁移； 地球动力学扁率
148.围绕“协同靶标组合”构建芪苈强心胶囊“一谱两效关联”的质量控制模式,批准号：81803724,申请代码：H3204,项目类别：青年科学基金项目,项目负责人： 宋慧鹏,资助经费：21.0（万元）,批准年度：2018,结题年度：2021,依托单位： 辽宁中医药大学,关键词： 质量控制方法； 芪苈强心胶囊； 谱效关联； 协同作用
149.认知不确定性移动质量-梁耦合系统的鲁棒自适应控制研究,批准号：11802224,申请代码：A0803,项目类别：青年科学基金项目,项目负责人： 刘骁骁,资助经费：20.0（万元）,批准年度：2018,结题年度：2021,依托单位： 西安交通大学,关键词： 移动质量-梁耦合系统； 状态轨迹； 认知不确定性； 鲁棒自适应控制
150.创新扶持产业政策对企业创新规模和创新质量二元边际的影响研究,批准号：71803023,申请代码：G0309,项目类别：青年科学基金项目,项目负责人： 郑文平,资助经费：21.0（万元）,批准年度：2018,结题年度：2021,依托单位： 对外经济贸易大学,关键词： 创新规模； 创新质量； 产业政策； 影响机制
151.基于张量分解的群智感知网络监测服务质量动态保障关键技术研究,批准号：61802245,申请代码：F0207,项目类别：青年科学基金项目,项目负责人： 刘通,资助经费：25.0（万元）,批准年度：2018,结题年度：2021,依托单位： 上海大学,关键词： 群智感知网络； 服务质量； 环境监测； 张量分解； 多源异构数据
152.多层5G边缘网络中面向大数据处理的服务质量感知资源分配研究,批准号：61802047,申请代码：F0207,项目类别：青年科学基金项目,项目负责人： 夏秋粉,资助经费：27.0（万元）,批准年度：2018,结题年度：2021,依托单位： 大连理工大学,关键词： 大数据副本管理； 大数据分析和处理； 边缘计算； 云资源分配； 任务迁移
153.老年社群组织参与和生活质量：基于网络-行为动力学的实证与干预研究,批准号：71774157,申请代码：G0401,项目类别：面上项目,项目负责人： 张镇,资助经费：48.0（万元）,批准年度：2017,结题年度：2021,依托单位： 中国科学院心理研究所,关键词： 网络-行为动力学； 社会网络； 老年人； 社群组织； 生活质量
154.大数据驱动的全景式食品质量安全云决策公共服务平台及示范研究,批准号：91746202,申请代码：G0108,项目类别：重大研究计划,项目负责人： 王海燕,资助经费：240.0（万元）,批准年度：2017,结题年度：2021,依托单位： 浙江工商大学,关键词： 食品质量； 全景式云决策； 质量风险； 公共服务平台； GERT管理网络
155.自身因素与可观测信息对消费者在线购买决策质量的影响机制研究,批准号：71772053,申请代码：G0209,项目类别：面上项目,项目负责人： 张自立,资助经费：51.0（万元）,批准年度：2017,结题年度：2021,依托单位： 哈尔滨工业大学,关键词： 管理反馈； 自身因素； 消费者报告； 购买决策质量； 在线消费者
156.厚度可调的高质量超薄二维过渡金属碳化物晶体的制备研究,批准号：51802314,申请代码：E0203,项目类别：青年科学基金项目,项目负责人： 徐川,资助经费：26.0（万元）,批准年度：2018,结题年度：2021,依托单位： 中国科学院金属研究所,关键词： 二维材料； 可控制备； 过渡金属碳化物； 化学气相沉积； 其他碳纳米材料
157.挤压成形工艺能耗与产品质量强耦合机理及多源协同调控,批准号：51805066,申请代码：E0510,项目类别：青年科学基金项目,项目负责人： 李洪丞,资助经费：23.0（万元）,批准年度：2018,结题年度：2021,依托单位： 重庆邮电大学,关键词： 挤压成形； 温度场均匀性； 轻金属零件成形； 多源能耗调控； 能耗与质量耦合
158.铁基Eu-112体系的高质量单晶生长、相图和超导与磁性共存研究,批准号：11774402,申请代码：A2008,项目类别：面上项目,项目负责人： 任治安,资助经费：64.0（万元）,批准年度：2017,结题年度：2021,依托单位： 中国科学院物理研究所,关键词： 铁基超导； Eu-112体系； 单晶生长； 相图； 超导磁性共存
159.基于印迹基因甲基化修饰的针刺提高IVF来源卵母细胞质量的研究,批准号：81774412,申请代码：H3118,项目类别：面上项目,项目负责人： 吴节,资助经费：50.0（万元）,批准年度：2017,结题年度：2021,依托单位： 成都中医药大学,关键词： 卵母细胞； 甲基化； 体外受精胚胎移植； 印迹基因； 针刺
160.基于线上线下融合的混合服务质量研究：驱动机制、影响效果和管理启示,批准号：71762011,申请代码：G0207,项目类别：地区科学基金项目,项目负责人： 沈鹏熠,资助经费：27.0（万元）,批准年度：2017,结题年度：2021,依托单位： 华东交通大学,关键词： 服务绩效； 混合服务质量； 线上线下融合； 顾客忠诚； 混合服务
161.基于中观尺度的城市形态与人居环境空气质量相互作用机制研究,批准号：51808009,申请代码：E0802,项目类别：青年科学基金项目,项目负责人： 程昊淼,资助经费：27.0（万元）,批准年度：2018,结题年度：2021,依托单位： 北京工业大学,关键词： 城市街区； 空气质量； 人居环境； 城市形态； 大气PM2.5
162.高管外部并购经验与企业并购：基于并购数量与并购质量双重视角的研究,批准号：71802041,申请代码：G0205,项目类别：青年科学基金项目,项目负责人： 杨帅,资助经费：17.0（万元）,批准年度：2018,结题年度：2021,依托单位： 东北财经大学,关键词： 外部并购经验； 并购； 决策； 高管； 绩效
163.TBM破岩震源超前探测不良地质实时精确成像和岩体质量动态评价理论研究,批准号：51809155,申请代码：E0905,项目类别：青年科学基金项目,项目负责人： 许新骥,资助经费：25.0（万元）,批准年度：2018,结题年度：2021,依托单位： 山东大学,关键词： TBM； 断层； 逆时偏移； TBM破岩震源； 岩体质量评价
164.鼻咽癌患者心理社会状态发展轨迹及其与生存质量关联性的队列研究,批准号：81803105,申请代码：H1822,项目类别：青年科学基金项目,项目负责人： 李济宾,资助经费：21.0（万元）,批准年度：2018,结题年度：2021,依托单位： 中山大学,关键词： 发展轨迹研究； 鼻咽癌； 生存质量； 纵向队列研究； 心理社会健康
165.基于氧解耦煤化学链气化的新型低碳发电系统质量／能量深度协同与优化,批准号：51776133,申请代码：E0601,项目类别：面上项目,项目负责人： 易群,资助经费：60.0（万元）,批准年度：2017,结题年度：2021,依托单位： 太原理工大学,关键词： 系统集成机理； CO2减排； 煤化学链气化； 发电系统； 能量梯级利用
166.高质量ε相氧化镓单晶薄膜的金属有机化学气相异质外延生长研究,批准号：61804187,申请代码：F0401,项目类别：青年科学基金项目,项目负责人： 陈梓敏,资助经费：24.0（万元）,批准年度：2018,结题年度：2021,依托单位： 中山大学,关键词： 金属有机化学气相沉积； ε相； 异质外延； 单晶薄膜； Ga2O3薄膜
167.氟化镁分子的磁光囚禁及其在质子-电子的质量比常数精密测量上的应用,批准号：91836103,申请代码：A2103,项目类别：重大研究计划,项目负责人： 夏勇,资助经费：80.0（万元）,批准年度：2018,结题年度：2021,依托单位： 华东师范大学,关键词： 缓冲气体冷却； 质子-电子的质量比； 分子冷却； 分子磁光囚禁； 氟化镁分子
168.回收品质量/数量不确定环境中数据驱动的闭环供应链规划与运营决策研究,批准号：71771135,申请代码：G0109,项目类别：面上项目,项目负责人： 张智海,资助经费：49.0（万元）,批准年度：2017,结题年度：2021,依托单位： 清华大学,关键词： 需求不确定性； 闭环供应链； 回收定价； 逆向供应链； 集中决策
169.黄土高原沟壑区耕地生态质量评价体系构建与应用——以陕西长武县为例,批准号：41801210,申请代码：D0112,项目类别：青年科学基金项目,项目负责人： 张蚌蚌,资助经费：24.8（万元）,批准年度：2018,结题年度：2021,依托单位： 西北农林科技大学,关键词： 黄土高原沟壑区； 生态过程； 评价体系； 耕地生态质量； 可持续土地利用
170.全封闭式高端塔台模拟机中投影显示图像高质量重现方法研究,批准号：U1833128,申请代码：F01,项目类别：联合基金项目,项目负责人： 程鹏,资助经费：34.0（万元）,批准年度：2018,结题年度：2021,依托单位： 四川大学,关键词： 干扰校正； 全封闭式塔台模拟机； 反射模型； 图像质量
171.特高土心墙堆石坝变形协调与施工质量控制理论与方法研究,批准号：U1765205,申请代码：E0905,项目类别：联合基金项目,项目负责人： 刘斯宏,资助经费：290.0（万元）,批准年度：2017,结题年度：2021,依托单位： 河海大学,关键词： 变形协调； 施工质量实时控制； 渗流稳定； 特高土心墙堆石坝； 本构模型
172.亚高山典型小流域——九寨沟支流扎如沟汞的迁移、转化及其质量平衡,批准号：41773122,申请代码：D0713,项目类别：面上项目,项目负责人： 何磊,资助经费：69.0（万元）,批准年度：2017,结题年度：2021,依托单位： 四川师范大学,关键词： 九寨沟； 亚高山流域； 质量平衡； 汞； 地球化学循环
173.基于粉末装管法的高质量SmFeAsO1-xFx超导带材的制备方法与性能研究,批准号：51802189,申请代码：E0209,项目类别：青年科学基金项目,项目负责人： 张谦君,资助经费：26.0（万元）,批准年度：2018,结题年度：2021,依托单位： 上海电机学院,关键词： 临界电流密度； 铁基超导体； 1111系； 粉末装管法； 线带材
174.电渣重熔含Al、Ti高温合金的多元反应动力学及质量控制研究,批准号：51804205,申请代码：E0411,项目类别：青年科学基金项目,项目负责人： 侯栋,资助经费：21.0（万元）,批准年度：2018,结题年度：2021,依托单位： 苏州大学,关键词： 电渣冶金； 动力学； 渣金反应； 高温合金； 夹杂物控制
175.无线通信网络中面向多源异构业务的时延服务质量保障机制研究,批准号：61771368,申请代码：F0103,项目类别：面上项目,项目负责人： 程文驰,资助经费：62.0（万元）,批准年度：2017,结题年度：2021,依托单位： 西安电子科技大学,关键词： 无线通信新体制； 无线通信基础理论
176.华北集约化农区耕地多功能质量演化过程机理与调控——以河北曲周为例,批准号：41771561,申请代码：D0111,项目类别：面上项目,项目负责人： 孔祥斌,资助经费：60.0（万元）,批准年度：2017,结题年度：2021,依托单位： 中国农业大学,关键词： 华北集约化农区； 耕地多功能； 评价指标体系； 驱动机理； 演化过程
"177.以景观“源汇""为基础的面向空气质量改善的城市与区域景观格局调控机制研究",批准号：41771201,申请代码：D0105,项目类别：面上项目,项目负责人： 韩立建,资助经费：65.0（万元）,批准年度：2017,结题年度：2021,依托单位： 中国科学院生态环境研究中心,关键词： 景观单元； 源汇景观； 景观格局； 区域安全； 景观功能
178.基于脂质效应分子筛选泽泻三萜调节脂代谢紊乱的质量评价标志物,批准号：81803717,申请代码：H3204,项目类别：青年科学基金项目,项目负责人： 李森,资助经费：21.0（万元）,批准年度：2018,结题年度：2021,依托单位： 华中科技大学,关键词： 液质联用； 脂质效应分子； 支持向量机； 中药质量评价； 泽泻三萜
179.基于药用植物亲缘学的蒙药达格沙的“有效性-物质基础-质量标记物”研究,批准号：81760686,申请代码：H3201,项目类别：地区科学基金项目,项目负责人： 王晓琴,资助经费：34.0（万元）,批准年度：2017,结题年度：2021,依托单位： 内蒙古医科大学,关键词： 棘豆属； 药用植物亲缘学； 质量标记物； 蒙药
180.珠三角西部干季边界层结构变化及其对空气质量影响观测研究,批准号：41630422,申请代码：D0505,项目类别：重点项目,项目负责人： 范绍佳,资助经费：311.0（万元）,批准年度：2016,结题年度：2021,依托单位： 中山大学,关键词： 边界层观测； 边界层高度； 非均匀边界层； 城市大气边界层； 结构特征
181.草原生态保护补助奖励政策对我国草地质量及社会经济的影响研究,批准号：71773003,申请代码：G0311,项目类别：面上项目,项目负责人： 侯玲玲,资助经费：48.0（万元）,批准年度：2017,结题年度：2021,依托单位： 北京大学,关键词： 草地质量； 社会经济影响； 草原生态保护补助奖励政策
182.基于差动式激光自混合干涉的磁悬浮加速度计质量块姿态测量技术,批准号：61803281,申请代码：F0306,项目类别：青年科学基金项目,项目负责人： 赵岩,资助经费：25.0（万元）,批准年度：2018,结题年度：2021,依托单位： 天津理工大学,关键词： 差动结构； 位移测量； 磁悬浮加速度计； 姿态测量； 激光干涉
183.高层建筑设置摩擦摆型调频质量阻尼器的风振控制性能分析与优化,批准号：51778161,申请代码：E0810,项目类别：面上项目,项目负责人： 吴玖荣,资助经费：62.0（万元）,批准年度：2017,结题年度：2021,依托单位： 广州大学,关键词： 减振性能分析； 优化设计； 摩擦摆型调频质量阻尼器； 风振控制； 气动弹性模型风洞实验
184.区块链和人工智能驱动的脑血管病诊疗和质量管理决策范式研究,批准号：92046016,申请代码：G0405,项目类别：重大研究计划,项目负责人： 李子孝,资助经费：20.0（万元）,批准年度：2020,结题年度：2021,依托单位： 首都医科大学,关键词： 区块链； 脑血管病； 人工智能和大数据； 全景式PAGE框架； 医疗质量
185.协调环境与质量安全治理的市场激励机制研究：以亲环境认证农产品购买为例,批准号：71773109,申请代码：G0311,项目类别：面上项目,项目负责人： 周洁红,资助经费：48.0（万元）,批准年度：2017,结题年度：2021,依托单位： 浙江大学,关键词： 农产品质量安全； 亲环境认证农产品； 风险认知； 消费者信任； 农业面源污染
186.山楂“一药两性多效”的物质基础及量比限值方法质量控制研究,批准号：81773905,申请代码：H3205,项目类别：面上项目,项目负责人： 梁生旺,资助经费：60.0（万元）,批准年度：2017,结题年度：2021,依托单位： 广东药科大学,关键词： 饮片质量评价； 饮片质量控制
187.基于多源异构数据融合的技术演化路径预测研究:以食品质量安全快检技术为例,批准号：71801189,申请代码：G0112,项目类别：青年科学基金项目,项目负责人： 刘维树,资助经费：18.0（万元）,批准年度：2018,结题年度：2021,依托单位： 浙江财经大学,关键词： 技术预测； 数据挖掘； 数据融合； 食品质量安全
188.利用河外水超脉泽研究低质量星系的M-sigma关系和低光度活动星系核的反馈,批准号：11803062,申请代码：A1404,项目类别：青年科学基金项目,项目负责人： 赵薇,资助经费：24.0（万元）,批准年度：2018,结题年度：2021,依托单位： 中国科学院上海天文台,关键词： 活动星系核反馈； 黑洞质量测量； M-sigma关系； 河外水超脉泽
189.基于CPU+多GPU构架的图像引导放疗低剂量Cone Beam CT高质量重建系统的研究,批准号：81803056,申请代码：H1816,项目类别：青年科学基金项目,项目负责人： 宋莹,资助经费：21.0（万元）,批准年度：2018,结题年度：2021,依托单位： 四川大学,关键词： 锥形束CT重建； 低剂量； 图形处理器； 图像引导放疗
190.能源密集型产业结构变迁与区域空气质量变化的关联效应及作用机理,批准号：41771133,申请代码：D0108,项目类别：面上项目,项目负责人： 张晓平,资助经费：60.0（万元）,批准年度：2017,结题年度：2021,依托单位： 中国科学院大学,关键词： 空气质量； 关联效应； 空间溢出； 产业转型； 能源密集型工业
191.高强度大直径铆钉自激励式电磁铆接动态塑性变形行为及成形质量控制,批准号：51774097,申请代码：E0414,项目类别：面上项目,项目负责人： 邓将华,资助经费：60.0（万元）,批准年度：2017,结题年度：2021,依托单位： 福州大学,关键词： 动态塑性变形； 高强度铆钉； 成形质量； 电磁铆接； 自激励式
192.基于激光显微切割-质谱联用和RNA-seq技术的“公”“母”前胡质量差异形成机制研究,批准号：81803675,申请代码：H3202,项目类别：青年科学基金项目,项目负责人： 谢晋,资助经费：20.0（万元）,批准年度：2018,结题年度：2021,依托单位： 安徽医科大学,关键词： 抽薹开花基因； RNA-seq； 前胡； 质量评价； 激光显微切割
193.高比例可再生能源电力网络中电能质量扰动交互影响与衍生次生机理的研究,批准号：51767017,申请代码：E0704,项目类别：地区科学基金项目,项目负责人： 陈伟,资助经费：37.0（万元）,批准年度：2017,结题年度：2021,依托单位： 兰州理工大学,关键词： 电能质量扰动； 稳态电能质量； 暂态电能质量； 电能质量分析； 动态电能质量
194.室温下快速、可控制备新型碳基二维半导体材料C3N高质量薄膜,批准号：11804353,申请代码：A2011,项目类别：青年科学基金项目,项目负责人： 杨思维,资助经费：26.0（万元）,批准年度：2018,结题年度：2021,依托单位： 中国科学院上海微系统与信息技术研究所,关键词： 二维材料； C3N； 半导体； 碳材料
195.基于功效多向性与谱-效灰色关联分析的中药黄芩药效物质基础辨识与质量控制研究,批准号：81773893,申请代码：H3204,项目类别：面上项目,项目负责人： 任永申,资助经费：55.0（万元）,批准年度：2017,结题年度：2021,依托单位： 中南民族大学,关键词： 品质与功能综合评价新方法； 质量控制方法； 谱效灰色关联度分析； 黄芩药效物质辨识； 中药功效多向性
196.基于高质量CuInSe2核壳结构量子点的深红-近红外发光二极管,批准号：51802079,申请代码：E0207,项目类别：青年科学基金项目,项目负责人： 吝青丽,资助经费：25.0（万元）,批准年度：2018,结题年度：2021,依托单位： 河南大学,关键词： 核壳结构； CuInSe2； 量子点发光二极管； 深红-近红外
197.对中国引进外资的质量和经济绩效的再审视——基于“问题”外资企业识别的测度和评估,批准号：71773084,申请代码：G0305,项目类别：面上项目,项目负责人： 罗知,资助经费：50.0（万元）,批准年度：2017,结题年度：2021,依托单位： 武汉大学,关键词： 返程投资； 外商直接投资； 经济绩效； 外商资本金； 虚假贸易
198.基于可行能力的生命质量量表的开发及效用积分体系构建：以我国西南地区为例,批准号：71804151,申请代码：G0405,项目类别：青年科学基金项目,项目负责人： 黄志勇,资助经费：17.5（万元）,批准年度：2018,结题年度：2021,依托单位： 西南财经大学,关键词： 卫生技术评估； 经济学评价； 询证决策； 药物经济学
199.基于抽样误差与六西格玛的过程能力指数在产品质量管理之应用研究,批准号：71762008,申请代码：G0108,项目类别：地区科学基金项目,项目负责人： 杨俊明,资助经费：28.0（万元）,批准年度：2017,结题年度：2021,依托单位： 桂林理工大学,关键词： 百万机会缺陷数； 六西格玛质量改进； 过程能力指数
200.基于气象能见度资料估算我国主要特大城市群PM2.5质量浓度历史变化,批准号：41805117,申请代码：D0502,项目类别：青年科学基金项目,项目负责人： 王晓妍,资助经费：26.5（万元）,批准年度：2018,结题年度：2021,依托单位： 复旦大学,关键词： 辐射强迫； 能见度； 气溶胶； 气候变化
