1.道地陕西秦艽质量形成内在机制研究,批准号：81473297,申请代码：H3201,项目类别：面上项目,项目负责人： 陈千良,资助经费：72.0（万元）,批准年度：2014,结题年度：2018,依托单位： 西北大学,关键词： 秦艽； 形成机制； 功能基因； 质量； 表达
2.中国农产品质量竞争力研究-基于出口优势产品的实证分析,批准号：71463009,申请代码：G0311,项目类别：地区科学基金项目,项目负责人： 江东坡,资助经费：34.0（万元）,批准年度：2014,结题年度：2018,依托单位： 贵州大学,关键词： 农产品； 贸易； 竞争力； 标准； 质量
3.我国开放教育资源项目质量监测评价及质量保证策略研究——基于用户满意度视角,批准号：71503278,申请代码：G0407,项目类别：青年科学基金项目,项目负责人： 万力勇,资助经费：18.0（万元）,批准年度：2015,结题年度：2018,依托单位： 中南民族大学,关键词： 开放教育资源； 质量监测； 数字化学习； 质量评价； 质量保证
4.星系中心的中等质量黑洞研究,批准号：11473062,申请代码：A1404,项目类别：面上项目,项目负责人： 董小波,资助经费：90.0（万元）,批准年度：2014,结题年度：2018,依托单位： 中国科学院云南天文台,关键词： 黑洞吸积； 活动星系核； 反响映射； 中等质量黑洞； 星系演化
5.中微子质量矩阵特殊结构与味对称,批准号：11505062,申请代码：A2605,项目类别：青年科学基金项目,项目负责人： 汪伟建,资助经费：18.0（万元）,批准年度：2015,结题年度：2018,依托单位： 华北电力大学（保定）,关键词： 跷跷板机制； 中微子质量矩阵结构； 轻子味混合； 味对称
6.皮肤镜图像质量的综合评价方法研究,批准号：61471016,申请代码：F0116,项目类别：面上项目,项目负责人： 谢凤英,资助经费：88.0（万元）,批准年度：2014,结题年度：2018,依托单位： 北京航空航天大学,关键词： 客观评价； 无参考评价； 皮肤镜图像； 综合评价
7.前瞻性非财务信息披露质量研究,批准号：71502144,申请代码：G0206,项目类别：青年科学基金项目,项目负责人： 谭有超,资助经费：19.5（万元）,批准年度：2015,结题年度：2018,依托单位： 西南财经大学,关键词： 经济后果； 前瞻性非财务信息； 披露质量； 披露动机； 异质性
8.视觉质量感知的脑电时空特性研究,批准号：61501349,申请代码：F0116,项目类别：青年科学基金项目,项目负责人： 何立火,资助经费：19.0（万元）,批准年度：2015,结题年度：2018,依托单位： 西安电子科技大学,关键词： 视觉质量； 低秩表示； 脑电信号； 深度学习； 时空特性
9.大质量双星系统的元素混合效应研究,批准号：11463002,申请代码：A1502,项目类别：地区科学基金项目,项目负责人： 宋汉峰,资助经费：60.0（万元）,批准年度：2014,结题年度：2018,依托单位： 贵州大学,关键词： 转动； 潮汐； 元素混合； 恒星结构与演化
10.大质量无星团块的证认与分析研究,批准号：11503035,申请代码：A1501,项目类别：青年科学基金项目,项目负责人： 袁敬华,资助经费：22.0（万元）,批准年度：2015,结题年度：2018,依托单位： 中国科学院国家天文台,关键词： 多波段； 大质量恒星形成； 红外暗云； 恒星形成区； 无星团块
11.大型复杂医学领域本体质量评估理论研究,批准号：61502221,申请代码：F0214,项目类别：青年科学基金项目,项目负责人： 罗凌云,资助经费：21.0（万元）,批准年度：2015,结题年度：2018,依托单位： 南华大学,关键词： 语义网； 生物医学领域本体； 形式化方法； 医学信息学； 本体评估
12.网络本体质量及适应性的评估研究,批准号：71503189,申请代码：G0414,项目类别：青年科学基金项目,项目负责人： 徐雷,资助经费：17.0（万元）,批准年度：2015,结题年度：2018,依托单位： 武汉大学,关键词： 本体适应性； 本体选择； 本体质量； 本体评估
13.面向用户的数据质量管理方法研究,批准号：61472263,申请代码：F0202,项目类别：面上项目,项目负责人： 周晓方,资助经费：83.0（万元）,批准年度：2014,结题年度：2018,依托单位： 苏州大学,关键词： 数据库； 数据溯源； 数据质量评估； 数据质量管理； 大数据
14.大质量恒星形成过程中的化学演化,批准号：11503037,申请代码：A1501,项目类别：青年科学基金项目,项目负责人： 喻耐平,资助经费：21.0（万元）,批准年度：2015,结题年度：2018,依托单位： 中国科学院国家天文台,关键词： 星际分子； 大质量； 化学演化； 恒星形成区； 分子云核
15.基于引用内容的单篇论文质量评价体系研究,批准号：71503030,申请代码：G0403,项目类别：青年科学基金项目,项目负责人： 刘盛博,资助经费：17.0（万元）,批准年度：2015,结题年度：2018,依托单位： 大连理工大学,关键词： 科技论文； 学术评价； 引文分析； 文献计量学
16.基于成像环境约束的低质量图像篡改取证研究,批准号：61502496,申请代码：F0206,项目类别：青年科学基金项目,项目负责人： 王伟,资助经费：20.0（万元）,批准年度：2015,结题年度：2018,依托单位： 中国科学院自动化研究所,关键词： 体感交互设备； 数字图像盲取证； 辅助信息； 成像环境约束； 决策融合
17.基于六西格玛方法的供应链质量管理,批准号：71471088,申请代码：G0108,项目类别：面上项目,项目负责人： 马义中,资助经费：60.0（万元）,批准年度：2014,结题年度：2018,依托单位： 南京理工大学,关键词： 供应链质量管理； 过程控制； 六西格玛； 稳健参数设计； 绩效评价
18.高分辨率SAR测试库及数据质量评估,批准号：61331015,申请代码：F0113,项目类别：重点项目,项目负责人： 郁文贤,资助经费：245.0（万元）,批准年度：2013,结题年度：2018,依托单位： 上海交通大学,关键词： SAR图像解译； SAR图像检索； 数据质量评估； 图像标注； 样本描述
19.超大质量双黑洞潮汐撕裂恒星的理论和观测研究,批准号：11473003,申请代码：A1404,项目类别：面上项目,项目负责人： 刘富坤,资助经费：95.0（万元）,批准年度：2014,结题年度：2018,依托单位： 北京大学,关键词： 星系核暂变活动； 星系并合； 吸积盘理论； 引力波； 黑洞与双黑洞
20.基于深度学习的机器译文质量估计方法研究,批准号：61462044,申请代码：F0211,项目类别：地区科学基金项目,项目负责人： 李茂西,资助经费：46.0（万元）,批准年度：2014,结题年度：2018,依托单位： 江西师范大学,关键词： 统计机器翻译； soft-max回归； 递归神经网络； 统计翻译系统自训练； 机器译文质量估计
21.电能质量扰动沿输电线路传播机理研究,批准号：51477105,申请代码：E0704,项目类别：面上项目,项目负责人： 杨洪耕,资助经费：74.0（万元）,批准年度：2014,结题年度：2018,依托单位： 四川大学,关键词： 电能质量扰动； 逐次卷积； 传输特性； 依频特性； 远端响应
22.流动地震台站观测数据质量控制研究,批准号：41474047,申请代码：D0404,项目类别：面上项目,项目负责人： 许卫卫,资助经费：90.0（万元）,批准年度：2014,结题年度：2018,依托单位： 中国地震局地球物理研究所,关键词： 远程监控； 流动地震观测； 地震数据质量控制
23.在线检测工件表面质量的“透明窗”方法研究,批准号：51505220,申请代码：E0511,项目类别：青年科学基金项目,项目负责人： 郭瑞鹏,资助经费：21.0（万元）,批准年度：2015,结题年度：2018,依托单位： 南京航空航天大学,关键词： 在线检测； 表面层损伤； 表面粗糙度； 冷却液； 激光
24.中国出口产品质量升级问题研究,批准号：71473133,申请代码：G0309,项目类别：面上项目,项目负责人： 李坤望,资助经费：62.0（万元）,批准年度：2014,结题年度：2018,依托单位： 南开大学,关键词： 转型； 非价格竞争； 质量升级； 中国出口
"25.蒲黄""生行熟止""的物质基础及质量评价",批准号：81470176,申请代码：H3204,项目类别：面上项目,项目负责人： 刘晓秋,资助经费：71.0（万元）,批准年度：2014,结题年度：2018,依托单位： 沈阳药科大学,关键词： 蒲黄炭； 蒲黄； 生熟异治； 药效物质； 质量评价
26.若尔盖地区草地土壤质量评价及退化成因分析,批准号：41501237,申请代码：D0709,项目类别：青年科学基金项目,项目负责人： 崔俊芳,资助经费：25.0（万元）,批准年度：2015,结题年度：2018,依托单位： 中国科学院、水利部成都山地灾害与环境研究所,关键词： 土壤结构； 结构稳定性； 结构退化与恢复； 扫描技术
27.基于视觉质量评价的高效三维视频编码研究,批准号：61472388,申请代码：F0210,项目类别：面上项目,项目负责人： 齐洪钢,资助经费：82.0（万元）,批准年度：2014,结题年度：2018,依托单位： 中国科学院大学,关键词： 视觉质量评价； 深度信息重建； 率失真优化； 三维视频编码
28.基于模式识别的多阶段制造过程质量诊断,批准号：U1504703,申请代码：G0108,项目类别：联合基金项目,项目负责人： 王宁,资助经费：27.0（万元）,批准年度：2015,结题年度：2018,依托单位： 郑州大学,关键词： 多阶段制造过程； 建模分析； 质量诊断； 波动传递分析； 模式识别
29.轻质量丰质子奇特核的弹性散射实验研究,批准号：U1432247,申请代码：A3203,项目类别：联合基金项目,项目负责人： 王建松,资助经费：320.0（万元）,批准年度：2014,结题年度：2018,依托单位： 中国科学院近代物理研究所,关键词： 弹性散射； 光学模型； 晕结构； 滴线核
30.枸杞品质形成对立地质量的响应机制研究,批准号：31460211,申请代码：C1611,项目类别：地区科学基金项目,项目负责人： 王亚军,资助经费：50.0（万元）,批准年度：2014,结题年度：2018,依托单位： 宁夏农林科学院,关键词： 品质形成； 立地质量； 响应机制； 枸杞
31.中国－东盟跨境高等教育服务合作与质量保障研究,批准号：71463004,申请代码：G0407,项目类别：地区科学基金项目,项目负责人： 覃玉荣,资助经费：34.0（万元）,批准年度：2014,结题年度：2018,依托单位： 广西大学,关键词： 教育政策； 高等教育管理； 教育经济学
32.含微源的典型用电负荷电能质量发射特性研究,批准号：51477045,申请代码：E0706,项目类别：面上项目,项目负责人： 罗安,资助经费：78.0（万元）,批准年度：2014,结题年度：2018,依托单位： 湖南大学,关键词： 电力电子技术； 电能质量； 智能电网； 新能源发电
33.会计信息披露质量、股价延迟反应与流动性风险,批准号：71463018,申请代码：G0307,项目类别：地区科学基金项目,项目负责人： 孙秉文,资助经费：36.0（万元）,批准年度：2014,结题年度：2018,依托单位： 江西财经大学,关键词： 会计信息披露； 公司治理； 流动性风险； 股价延迟反应
34.微网集成柔性电能质量控制器机理研究,批准号：51477060,申请代码：E0704,项目类别：面上项目,项目负责人： 李达义,资助经费：84.0（万元）,批准年度：2014,结题年度：2018,依托单位： 华中科技大学,关键词： 电能质量； 微电网； 智能配电网
35.软件定义网络服务质量保障的任播问题研究,批准号：61472383,申请代码：F0207,项目类别：面上项目,项目负责人： 徐宏力,资助经费：80.0（万元）,批准年度：2014,结题年度：2018,依托单位： 中国科学技术大学苏州高等研究院,关键词： 服务质量； 任播； 软件定义网络
36.我国企业创新型战略质量成本管理体系研究,批准号：71472127,申请代码：G0206,项目类别：面上项目,项目负责人： 林志军,资助经费：56.8（万元）,批准年度：2014,结题年度：2018,依托单位： 首都经济贸易大学,关键词： 战略管理会计； 全面质量管理； 质量成本管理； 质量系统成熟度
37.面向视觉质量的高效立体视频编码资源分配优化研究,批准号：61501299,申请代码：F0108,项目类别：青年科学基金项目,项目负责人： 王旭,资助经费：19.0（万元）,批准年度：2015,结题年度：2018,依托单位： 深圳大学,关键词： 立体视频编码； 率失真优化； 资源分配； 立体图像质量评价
38.企业声誉与财务报告质量--基于契约执行机制的研究,批准号：71462013,申请代码：G0206,项目类别：地区科学基金项目,项目负责人： 管考磊,资助经费：35.0（万元）,批准年度：2014,结题年度：2018,依托单位： 江西财经大学,关键词： 财务报告质量； 法律机制； 企业声誉； 契约； 声誉机制
39.混合导体透氧膜及膜组件内的质量传递基础,批准号：21476225,申请代码：B0804,项目类别：面上项目,项目负责人： 朱雪峰,资助经费：80.0（万元）,批准年度：2014,结题年度：2018,依托单位： 中国科学院大连化学物理研究所,关键词： 透氧膜； 质量传递； 膜组件； 陶瓷膜； 混合导体
40.含微网配电系统电能质量分析与控制方法研究,批准号：51477070,申请代码：E0704,项目类别：面上项目,项目负责人： 李正明,资助经费：82.0（万元）,批准年度：2014,结题年度：2018,依托单位： 江苏大学,关键词： 电能质量； 微网； 谐波
41.基于质量管理的不确定性双向感性工学,批准号：71471063,申请代码：G0104,项目类别：面上项目,项目负责人： 闫宏斌,资助经费：60.0（万元）,批准年度：2014,结题年度：2018,依托单位： 华东理工大学,关键词： 双向感性工学； 质量管理； 感性决策支持； 不确定性
42.45度倾斜光纤光栅辐射模式机理及光束质量优化研究,批准号：61505244,申请代码：F0503,项目类别：青年科学基金项目,项目负责人： 闫志君,资助经费：21.0（万元）,批准年度：2015,结题年度：2018,依托单位： 中国科学院西安光学精密机械研究所,关键词： 模式耦合； 光栅写入； 倾斜光栅； 光纤光栅； 逐点法
43.高海拔寒冷地区室内热环境质量及调控机理研究,批准号：51478058,申请代码：E0803,项目类别：面上项目,项目负责人： 卢军,资助经费：83.0（万元）,批准年度：2014,结题年度：2018,依托单位： 重庆大学,关键词： 室内热环境； 调控机理； 高海拔寒冷地区
44.面向大规模服务系统的在线服务质量预测方法研究,批准号：61472338,申请代码：F0203,项目类别：面上项目,项目负责人： 郑子彬,资助经费：80.0（万元）,批准年度：2014,结题年度：2018,依托单位： 香港中文大学深圳研究院,关键词： 服务计算； 服务质量预测； 在线学习； 协同过滤； Web服务
45.致密油水平井SRV与基质耦合变质量流动模型研究,批准号：51504038,申请代码：E0402,项目类别：青年科学基金项目,项目负责人： 许冬进,资助经费：20.0（万元）,批准年度：2015,结题年度：2018,依托单位： 长江大学,关键词： SRV； 水平井； 致密油； 储层基质； 分段压裂
46.基于反模式自动检测的代码质量分析与重构,批准号：61472175,申请代码：F0203,项目类别：面上项目,项目负责人： 陈林,资助经费：80.0（万元）,批准年度：2014,结题年度：2018,依托单位： 南京大学,关键词： 代码重构； 代码质量； 反模式
47.基于立体图像源的立体相机拍摄质量客观评价方法研究,批准号：61471260,申请代码：F0116,项目类别：面上项目,项目负责人： 杨嘉琛,资助经费：85.0（万元）,批准年度：2014,结题年度：2018,依托单位： 天津大学,关键词： 拍摄参数； 立体拍摄； 立体相机； 质量评价
48.旱作农田地膜残留对土壤质量的影响与土壤保护对策,批准号：31470496,申请代码：C0306,项目类别：面上项目,项目负责人： 李凤民,资助经费：86.0（万元）,批准年度：2014,结题年度：2018,依托单位： 兰州大学,关键词： 土壤微生物； 土壤有机碳； 黄土高原； 农田生态系统； 地膜残留
49.考虑文本情感的实时在线客户服务质量驱动因素研究,批准号：71471102,申请代码：G0112,项目类别：面上项目,项目负责人： 黄正伟,资助经费：61.0（万元）,批准年度：2014,结题年度：2018,依托单位： 三峡大学,关键词： 文本情感； 实时在线服务； 服务质量； 在线购物
50.基于文本模式的海量电能质量数据自动分析技术研究,批准号：51477124,申请代码：E0704,项目类别：面上项目,项目负责人： 张明,资助经费：79.0（万元）,批准年度：2014,结题年度：2018,依托单位： 武汉纺织大学,关键词： 海量数据； 自动分析； 关联分类； 电能质量； 文本模式
51.非均匀热环境下人体睡眠热舒适和睡眠质量研究,批准号：51478260,申请代码：E0803,项目类别：面上项目,项目负责人： 兰丽,资助经费：81.0（万元）,批准年度：2014,结题年度：2018,依托单位： 上海交通大学,关键词： 生理反应； 建筑节能； 人体热舒适； 睡眠环境； 睡眠质量
52.医疗健康网站信息可信度与质量控制研究,批准号：71473260,申请代码：G0414,项目类别：面上项目,项目负责人： 周晓英,资助经费：59.0（万元）,批准年度：2014,结题年度：2018,依托单位： 中国人民大学,关键词： 质量控制； 信息质量； 医疗健康网站； 可信度
53.伴随质量流失的胶结破碎岩体渗流失稳机理研究,批准号：11502229,申请代码：A0905,项目类别：青年科学基金项目,项目负责人： 王路珍,资助经费：22.0（万元）,批准年度：2015,结题年度：2018,依托单位： 盐城工学院,关键词： 胶结破碎岩体； 陷落柱突水； 渗透性； 渗流失稳； 质量流失
54.追踪间歇过程演变的多变量统计过程监测及质量预测研究,批准号：61503069,申请代码：F0302,项目类别：青年科学基金项目,项目负责人： 赵露平,资助经费：20.0（万元）,批准年度：2015,结题年度：2018,依托单位： 东北大学,关键词： 质量预测； 过程演变； 过程监测； 间歇过程
55.A≈130质量区附近丰中子核素的大型壳模型计算与分析,批准号：11505302,申请代码：A2701,项目类别：青年科学基金项目,项目负责人： 王韩奎,资助经费：18.0（万元）,批准年度：2015,结题年度：2018,依托单位： 周口师范学院,关键词： 单粒子能量； 同核异能态； 哈密顿量； 原子核壳模型
56.颗粒调谐质量阻尼系统对建筑结构的减振性能研究,批准号：51478361,申请代码：E0806,项目类别：面上项目,项目负责人： 鲁正,资助经费：89.0（万元）,批准年度：2014,结题年度：2018,依托单位： 同济大学,关键词： 颗粒阻尼器； 风洞试验； 调谐质量阻尼器； 非线性能量阱； 振动台试验
57.中西医结合领域在线证据质量分级系统的研发,批准号：81503459,申请代码：H3303,项目类别：青年科学基金项目,项目负责人： 陈耀龙,资助经费：17.0（万元）,批准年度：2015,结题年度：2018,依托单位： 兰州大学,关键词： 循证医学； 中西医结合； 证据分级
58.影响永久性车行索道桥通行质量的桥面构造因素研究,批准号：51468012,申请代码：E0805,项目类别：地区科学基金项目,项目负责人： 景天虎,资助经费：48.0（万元）,批准年度：2014,结题年度：2018,依托单位： 桂林理工大学,关键词： 桥面板； 试验研究； 车行索道桥； 桥面通行质量； 滑轮鞍座
59.基于DCRP的岩体复杂结构与质量表征参数精细描述,批准号：41472243,申请代码：D0705,项目类别：面上项目,项目负责人： 王凤艳,资助经费：85.0（万元）,批准年度：2014,结题年度：2018,依托单位： 吉林大学,关键词： 数字近景摄影测量； 复杂结构； 精细描述； 岩体质量； 表征参数
60.基于无标记动态质量重置技术的丹参多靶点作用研究,批准号：81473436,申请代码：H3219,项目类别：面上项目,项目负责人： 张秀莉,资助经费：71.0（万元）,批准年度：2014,结题年度：2018,依托单位： 中国科学院大连化学物理研究所,关键词： 动态质量重置； 无标记； 多靶点筛查； 丹参
61.集群微波遥感卫星随机构型成像与图像质量评估研究,批准号：41501364,申请代码：D0113,项目类别：青年科学基金项目,项目负责人： 徐浩,资助经费：20.0（万元）,批准年度：2015,结题年度：2018,依托单位： 北京空间飞行器总体设计部,关键词： 随机构型； 遥感成像； 图像评估
62.适用于可逆信息隐藏算法的图像质量评价标准研究,批准号：61502007,申请代码：F0206,项目类别：青年科学基金项目,项目负责人： 杨杨,资助经费：21.0（万元）,批准年度：2015,结题年度：2018,依托单位： 安徽大学,关键词： 高视觉质量； 图像质量评价标准； 均匀色差空间； 人类视觉系统； 可逆信息隐藏
63.网络购物平台商品质量管控作用机理及其演进研究,批准号：71472111,申请代码：G0108,项目类别：面上项目,项目负责人： 温德成,资助经费：50.0（万元）,批准年度：2014,结题年度：2018,依托单位： 山东大学,关键词： 网络购物； 演化博弈； 电子商务； 商品质量管控； 质量管理体系
64.水稻对白叶枯病的质量抗性调控机理多样性的研究,批准号：31330062,申请代码：C1403,项目类别：重点项目,项目负责人： 王石平,资助经费：310.0（万元）,批准年度：2013,结题年度：2018,依托单位： 华中农业大学,关键词： 水稻； 白叶枯病菌； 白叶枯病； 分子机理； 质量抗性
65.多元质量特性下兵器装备协同研制能力网络形成与动态演化机理,批准号：51505437,申请代码：E0510,项目类别：青年科学基金项目,项目负责人： 吉军,资助经费：20.0（万元）,批准年度：2015,结题年度：2018,依托单位： 中国兵器工业信息中心,关键词： 兵器装备； 动态演化模型； 鲁棒性分析； 多元质量特性； 协同研制能力网络
66.质量相关的多工况动态间歇过程建模及故障诊断方法研究,批准号：61473033,申请代码：F0301,项目类别：面上项目,项目负责人： 彭开香,资助经费：85.0（万元）,批准年度：2014,结题年度：2018,依托单位： 北京科技大学,关键词： 数据驱动； 质量相关； 故障诊断； 多工况； 动态间歇过程
67.基于拟合提升复小波的电能质量暂态事件分析研究,批准号：61501040,申请代码：F0111,项目类别：青年科学基金项目,项目负责人： 阳子婧,资助经费：17.0（万元）,批准年度：2015,结题年度：2018,依托单位： 北京印刷学院,关键词： 拟合； 复小波； 暂态事件分析； 提升
68.基于局部基函数反演区域地表质量变化的Mascon方法研究,批准号：41504014,申请代码：D0401,项目类别：青年科学基金项目,项目负责人： 李琼,资助经费：21.0（万元）,批准年度：2015,结题年度：2018,依托单位： 华中科技大学,关键词： 时变重力场； Mascon方法； 局部基函数； 区域地表质量变化； GRACE
69.自动管电流调制CT辐射剂量与影像质量评价方法研究,批准号：11475047,申请代码：A3007,项目类别：面上项目,项目负责人： 刘海宽,资助经费：94.0（万元）,批准年度：2014,结题年度：2018,依托单位： 复旦大学,关键词： 蒙特卡罗方法； 影像质量评价； 自动管电流调制； 辐射剂量； X射线CT
70.基于压缩感知的微组装焊点质量三维检测方法研究,批准号：61503128,申请代码：F0304,项目类别：青年科学基金项目,项目负责人： 赵辉煌,资助经费：20.0（万元）,批准年度：2015,结题年度：2018,依托单位： 衡阳师范学院,关键词： 微电子组装； 焊点； 视觉检测； 压缩感知
71.关于手征对称性自发破缺和强子质量的研究,批准号：11475015,申请代码：A2703,项目类别：面上项目,项目负责人： 陈华星,资助经费：80.0（万元）,批准年度：2014,结题年度：2018,依托单位： 北京航空航天大学,关键词： 强子结构； 强子流； 手征对称性破缺
72.面向识别的低质量人脸特征超分辨率重建技术研究,批准号：61471013,申请代码：F0113,项目类别：面上项目,项目负责人： 李晓光,资助经费：82.0（万元）,批准年度：2014,结题年度：2018,依托单位： 北京工业大学,关键词： 智能信息处理； 人脸识别； 可鉴别特征； 超分辨率重建
73.大质量恒星形成区分子外向流的观测和理论研究,批准号：11473011,申请代码：A1501,项目类别：面上项目,项目负责人： 邱科平,资助经费：80.0（万元）,批准年度：2014,结题年度：2018,依托单位： 南京大学,关键词： 星际分子； 射电天文； 大质量恒星形成； 分子谱线； 分子云
74.氮硫互作对水稻香气质量影响的生理机制研究,批准号：31471446,申请代码：C1309,项目类别：面上项目,项目负责人： 阳树英,资助经费：93.0（万元）,批准年度：2014,结题年度：2018,依托单位： 湖南农业大学,关键词： 水稻； 香气质量； 氮硫互作； 生理机制
75.面向用户体验质量的高效3D视频编码理论与方法,批准号：61471348,申请代码：F0108,项目类别：面上项目,项目负责人： 张云,资助经费：83.0（万元）,批准年度：2014,结题年度：2018,依托单位： 中国科学院深圳先进技术研究院,关键词： 高效视频编码； 率失真优化； 三维视频编码； 用户体验质量； 多目标优化
76.基于电弧空间多光谱压缩感知的焊缝冶金质量实时表征方法,批准号：51505252,申请代码：E0508,项目类别：青年科学基金项目,项目负责人： 邹怡蓉,资助经费：21.0（万元）,批准年度：2015,结题年度：2018,依托单位： 清华大学天津高端装备研究院,关键词： 焊接过程实时监测； 智能焊接； 多光谱信息重构； 视觉检测； 视觉传感
77.全球海陆水质量交换对海平面变化的自吸引效应研究,批准号：41504066,申请代码：D0406,项目类别：青年科学基金项目,项目负责人： 彭鹏,资助经费：21.0（万元）,批准年度：2015,结题年度：2018,依托单位： 中国科学院精密测量科学与技术创新研究院,关键词： 海平面变化； 时空特征； 洋底压力； 自吸引效应； GRACE
78.基于深度学习的四元数小波彩色图像质量评价及其应用,批准号：61461043,申请代码：F0116,项目类别：地区科学基金项目,项目负责人： 刘国军,资助经费：45.0（万元）,批准年度：2014,结题年度：2018,依托单位： 宁夏大学,关键词： 彩色图像； 客观评价； 四元数小波； 深度学习； 图像质量
79.会计信息质量对股价崩盘风险的影响机理及经济后果研究,批准号：71472002,申请代码：G0205,项目类别：面上项目,项目负责人： 杨棉之,资助经费：57.0（万元）,批准年度：2014,结题年度：2018,依托单位： 中国石油大学（北京）,关键词： 卖空机制； 经济后果； 机构投资者； 会计信息质量； 股价崩盘风险
80.基于数据挖掘和感知分析的非对称失真视觉质量评价模型研究,批准号：61502429,申请代码：F0214,项目类别：青年科学基金项目,项目负责人： 周武杰,资助经费：20.0（万元）,批准年度：2015,结题年度：2018,依托单位： 浙江科技学院,关键词： 视觉质量； 预测模型； 感知分析； 非对称失真
81.基于供电服务质量的微网参与配网电力交易问题研究,批准号：51507037,申请代码：E0704,项目类别：青年科学基金项目,项目负责人： 张伟,资助经费：19.0（万元）,批准年度：2015,结题年度：2018,依托单位： 哈尔滨工业大学,关键词： 配网； 供电服务质量； 微网； 电力交易
82.基于三维信息单元的高质量虚拟视点绘制技术研究,批准号：61472221,申请代码：F0209,项目类别：面上项目,项目负责人： 梁秀霞,资助经费：82.0（万元）,批准年度：2014,结题年度：2018,依托单位： 山东财经大学,关键词： 自由视点视频应用； 虚拟视点绘制； 尺度相关； 特征传递函数； 三维信息单元
83.宽色域显示设备的高质量图像复现关键技术研究,批准号：61505156,申请代码：F0508,项目类别：青年科学基金项目,项目负责人： 宫睿,资助经费：21.0（万元）,批准年度：2015,结题年度：2018,依托单位： 西安电子科技大学,关键词： 宽色域； 图像质量； 颜色复现； 色域映射； 显示设备
84.一种面向多模态遥感信息的质量抽样检验方案研究,批准号：41501419,申请代码：D0114,项目类别：青年科学基金项目,项目负责人： 王振华,资助经费：20.0（万元）,批准年度：2015,结题年度：2018,依托单位： 上海海洋大学,关键词： 遥感信息； 质量检验； 空间抽样
85.胶质瘤干细胞5-ALA成像质量及代谢机制的研究,批准号：81472368,申请代码：H1820,项目类别：面上项目,项目负责人： 赵世光,资助经费：72.0（万元）,批准年度：2014,结题年度：2018,依托单位： 哈尔滨医科大学,关键词： 胶质瘤干细胞； 5-氨基乙酰丙酸； 胶质瘤； 荧光引导手术； 中枢神经系统肿瘤； C15_脑
86.基于蛋白质组学技术的哈蟆油鉴别和质量评价研究,批准号：81503243,申请代码：H3204,项目类别：青年科学基金项目,项目负责人： 张鹤,资助经费：18.0（万元）,批准年度：2015,结题年度：2018,依托单位： 长春中医药大学,关键词： 蛋白质组学； 哈蟆油； 差异蛋白质； 质量评价； 鉴别
87.基于“投入-产出”的专业学位质量评估模型的构建与实证研究,批准号：71473011,申请代码：G0407,项目类别：面上项目,项目负责人： 李娟,资助经费：61.0（万元）,批准年度：2014,结题年度：2018,依托单位： 北京工业大学,关键词： 投入-产出模式； 实证研究； 质量评估模型； 专业学位； 研究生教育
88.利用现代大地测量数据研究青藏高原内部质量迁移过程,批准号：41331066,申请代码：D0407,项目类别：重点项目,项目负责人： 孙文科,资助经费：310.0（万元）,批准年度：2013,结题年度：2018,依托单位： 中国科学院大学,关键词： 青藏高原动力学； 大地测量； GRACE/GOCE； 物质迁移； 重力变化
89.深度数据结构稀疏表示理论和质量提升技术研究,批准号：61471281,申请代码：F0116,项目类别：面上项目,项目负责人： 董伟生,资助经费：83.0（万元）,批准年度：2014,结题年度：2018,依托单位： 西安电子科技大学,关键词： 稀疏建模； 正则化方法； 复原模型； 退化模型； 图像复原
90.风险抑制与信息甄别：内部控制对食品质量安全影响研究,批准号：71503072,申请代码：G0311,项目类别：青年科学基金项目,项目负责人： 陈素云,资助经费：18.0（万元）,批准年度：2015,结题年度：2018,依托单位： 河南农业大学,关键词： 食物安全； 食物供应； 安全食品
91.基于内源激素调控的忍冬植物修剪方式对药材质量的研究,批准号：81503179,申请代码：H3201,项目类别：青年科学基金项目,项目负责人： 秦双双,资助经费：18.0（万元）,批准年度：2015,结题年度：2018,依托单位： 广西壮族自治区药用植物园,关键词： 药材质量； 金银花； 分子机制； 内源激素； 修剪
92.MSM人群中HIV感染者生命质量评价及预警模型研究,批准号：71473269,申请代码：G0409,项目类别：面上项目,项目负责人： 曲波,资助经费：62.0（万元）,批准年度：2014,结题年度：2018,依托单位： 中国医科大学,关键词： HIV感染者； MSM； 预警模型； 生命质量； 风险评价
93.社会化网络环境下众包服务质量评估及其治理研究,批准号：71471141,申请代码：G0112,项目类别：面上项目,项目负责人： 刘汕,资助经费：60.0（万元）,批准年度：2014,结题年度：2018,依托单位： 西安交通大学,关键词： 评估模型； 服务质量； 众包； 治理机制； 社会化商务
94.复杂城市环境下车载激光扫描系统质量保证技术研究,批准号：41501491,申请代码：D0115,项目类别：青年科学基金项目,项目负责人： 王力,资助经费：20.0（万元）,批准年度：2015,结题年度：2018,依托单位： 中国人民解放军战略支援部队信息工程大学,关键词： 激光扫描仪检校； 地面激光雷达； 点云配准与拼接； 三维重建； 车载激光雷达
95.基于2-D空间离散数据的质量与产出的预测方法研究,批准号：71471096,申请代码：G0108,项目类别：面上项目,项目负责人： 王凯波,资助经费：60.0（万元）,批准年度：2014,结题年度：2018,依托单位： 清华大学,关键词： 半导体制造； 统计质量控制； 空间相关性； 产出预测
96.基于抗炎活性成分群的中国“杨树型”蜂胶质量评价体系研究,批准号：31672499,申请代码：C1708,项目类别：面上项目,项目负责人： 玄红专,资助经费：25.0（万元）,批准年度：2016,结题年度：2018,依托单位： 聊城大学,关键词： 质量控制； 蜂胶； 谱-效关系； 抗炎； 活性成分群
97.基于边界约束改善大口径光学元件面形质量的反演研究,批准号：61505228,申请代码：F0506,项目类别：青年科学基金项目,项目负责人： 任志远,资助经费：20.0（万元）,批准年度：2015,结题年度：2018,依托单位： 中国科学院上海光学精密机械研究所,关键词： 激光效率； 激光晶体； 激光玻璃； 高峰值功率激光； 激光输出特性
98.基于代谢组学解析粗饲料质量影响奶牛泌乳性能的机制研究,批准号：31472121,申请代码：C1705,项目类别：面上项目,项目负责人： 刘建新,资助经费：90.0（万元）,批准年度：2014,结题年度：2018,依托单位： 浙江大学,关键词： 基因表达； 分子机理； 代谢组学； 泌乳奶牛； 粗饲料
99.黄檗药材质量和种子品质形成与生态因子的相关性研究,批准号：81473305,申请代码：H3201,项目类别：面上项目,项目负责人： 张昭,资助经费：73.0（万元）,批准年度：2014,结题年度：2018,依托单位： 中国医学科学院药用植物研究所,关键词： 生态因子； 药材质量和种子品质； 休眠特性； 黄檗； 相关性
100.原子级厚度氮化硼大面积、高质量的生长与调控,批准号：51502139,申请代码：E0207,项目类别：青年科学基金项目,项目负责人： 宋秀峰,资助经费：21.0（万元）,批准年度：2015,结题年度：2018,依托单位： 南京理工大学,关键词： 生长机制； 白石墨烯； 形核； 化学气相沉积； 原子级厚度
101.数据中心延迟敏感型应用尾端响应时延服务质量保障方法研究,批准号：61502019,申请代码：F0204,项目类别：青年科学基金项目,项目负责人： 杨海龙,资助经费：22.0（万元）,批准年度：2015,结题年度：2018,依托单位： 北京航空航天大学,关键词： 服务质量保障； 尾端时延； 数据中心； 延迟敏感型应用
102.基于活血化瘀主效成分群的红花注射液质量评价研究,批准号：81503241,申请代码：H3204,项目类别：青年科学基金项目,项目负责人： 高雯,资助经费：18.0（万元）,批准年度：2015,结题年度：2018,依托单位： 中国药科大学,关键词： 质量控制； 活血化瘀； 红花注射液； 量效关系； 主效成分群
103.社会质量和企业社会责任视角的新疆地区和谐社会建构机制研究,批准号：71463049,申请代码：G0307,项目类别：地区科学基金项目,项目负责人： 买生,资助经费：36.0（万元）,批准年度：2014,结题年度：2018,依托单位： 石河子大学,关键词： 社会管理创新； 新疆； 和谐社会； 社会质量； 企业社会责任
104.基于底栖生物指数的近岸海域生态环境质量评价方法研究,批准号：41506125,申请代码：D0605,项目类别：青年科学基金项目,项目负责人： 吴海燕,资助经费：22.0（万元）,批准年度：2015,结题年度：2018,依托单位： 自然资源部第三海洋研究所,关键词： 水体类型； 底栖生物指数； 近岸海域； 海洋生态环境； 评价方法
105.不同质量GaN单晶衬底上AlGaN/GaN功率开关器件的电流崩塌机理研究,批准号：61504071,申请代码：F0404,项目类别：青年科学基金项目,项目负责人： 谭庶欣,资助经费：23.0（万元）,批准年度：2015,结题年度：2018,依托单位： 南通大学,关键词： GaN单晶衬底； 动态特性； 异质结； 宽禁带半导体； HEMT
106.热晕对高功率列阵激光大气传输光束质量的影响,批准号：61505130,申请代码：F0510,项目类别：青年科学基金项目,项目负责人： 李晓庆,资助经费：20.0（万元）,批准年度：2015,结题年度：2018,依托单位： 四川师范大学,关键词： 热晕效应； 相干与非相干合成； 高功率列阵激光； 单模与多模光束； 光束质量
107.基于第三方的APP软件质量度量和评估方法研究,批准号：61462049,申请代码：F0203,项目类别：地区科学基金项目,项目负责人： 姜瑛,资助经费：45.0（万元）,批准年度：2014,结题年度：2018,依托单位： 昆明理工大学,关键词： 度量； 评估； APP软件； 第三方； 软件质量
108.基于被动探针的无线传感网链路质量感知理论与技术研究,批准号：61472219,申请代码：F0208,项目类别：面上项目,项目负责人： 马强,资助经费：83.0（万元）,批准年度：2014,结题年度：2018,依托单位： 清华大学,关键词： 无线传感器网络； 网络诊断与管理； 链路质量感知
109.时空上下文感知的云服务质量预测和推荐的研究,批准号：61502212,申请代码：F0203,项目类别：青年科学基金项目,项目负责人： 谢春丽,资助经费：20.0（万元）,批准年度：2015,结题年度：2018,依托单位： 江苏师范大学,关键词： 服务质量预测； 空间感知； 云服务； 服务推荐； 时间感知
110.挂面干燥过程面筋蛋白结构变化与产品质量构效关系研究,批准号：31501527,申请代码：C2006,项目类别：青年科学基金项目,项目负责人： 张影全,资助经费：19.0（万元）,批准年度：2015,结题年度：2018,依托单位： 中国农业科学院原子能利用研究所,关键词： 挂面； 面筋蛋白； 分子结构； 构效关系； 干燥
111.基于谱效关系的龙利叶质量评价物元分析模型的研究,批准号：81460601,申请代码：H3204,项目类别：地区科学基金项目,项目负责人： 丘琴,资助经费：47.0（万元）,批准年度：2014,结题年度：2018,依托单位： 广西中医药大学,关键词： 抗炎止咳作用机制； 物元分析； 谱效关系； 质量评价； 龙利叶
112.基于分层协调优化思想的钢包精炼过程钢水质量的稳定控制方法,批准号：61503068,申请代码：F0302,项目类别：青年科学基金项目,项目负责人： 吕伍,资助经费：20.0（万元）,批准年度：2015,结题年度：2018,依托单位： 东北大学,关键词： 运行优化控制； 钢包精炼过程； 混合建模； 钢水质量； 协调优化
113.应用逆子结构分析方法检测机械装配动态质量的基础理论研究,批准号：51475211,申请代码：E0503,项目类别：面上项目,项目负责人： 吕广庆,资助经费：80.0（万元）,批准年度：2014,结题年度：2018,依托单位： 暨南大学,关键词： 逆子结构； 动态质量； 机械装配； 检测诊断； 动态分析
114.微燃机-超级电容混合发电系统及其动态电能质量的优化控制研究,批准号：51507039,申请代码：E0706,项目类别：青年科学基金项目,项目负责人： 段建东,资助经费：21.0（万元）,批准年度：2015,结题年度：2018,依托单位： 哈尔滨工业大学,关键词： 冲击负载； 微燃机-超级电容混合发电； 快速功率平衡； 暂态稳定性； 动态电能质量
115.周期性手工装配作业肌肉疲劳预测建模与其装配质量改善,批准号：71471095,申请代码：G0108,项目类别：面上项目,项目负责人： 马靓,资助经费：60.0（万元）,批准年度：2014,结题年度：2018,依托单位： 清华大学,关键词： 肌肉疲劳预测； 人因工程； 质量管理； 周期性手工装配作业； 工效学
116.微体积成形零件表面质量预测模型的构建及其控制方法研究,批准号：51505256,申请代码：E0508,项目类别：青年科学基金项目,项目负责人： 郑伟,资助经费：21.0（万元）,批准年度：2015,结题年度：2018,依托单位： 山东建筑大学,关键词： 摩擦模型； 微体积成形； 预测模型； 表面质量； 控制方法
117.自压电弹光调制用高光学质量CNGS类单晶生长和器件的制备,批准号：51472147,申请代码：E0207,项目类别：面上项目,项目负责人： 郭世义,资助经费：83.0（万元）,批准年度：2014,结题年度：2018,依托单位： 山东大学,关键词： 复合功能； 激光晶体； 晶体生长； 压电晶体； 自压电弹光调制器
118.夏枯草茎叶与果穗抗炎作用质量等同性及其形成机制研究,批准号：81503041,申请代码：H3411,项目类别：青年科学基金项目,项目负责人： 林丽美,资助经费：17.9（万元）,批准年度：2015,结题年度：2018,依托单位： 湖南中医药大学,关键词： 夏枯草茎叶； 夏枯草果穗； 异迷迭香酸苷； 抗炎作用； 质量等同性
119.本星系群中超大质量黑洞辐射低效吸积流的多波段观测研究,批准号：11473010,申请代码：A1404,项目类别：面上项目,项目负责人： 李志远,资助经费：80.0（万元）,批准年度：2014,结题年度：2018,依托单位： 南京大学,关键词： 黑洞物理； 银河系中心； 吸积盘； 超大质量黑洞； 本星系群
120.柴油机燃烧边界条件对排放颗粒质量及颗粒数影响的研究,批准号：51506144,申请代码：E0604,项目类别：青年科学基金项目,项目负责人： 邬斌扬,资助经费：20.0（万元）,批准年度：2015,结题年度：2018,依托单位： 天津大学,关键词： 碳烟模型； 颗粒质量； 柴油机燃烧； 颗粒数； 燃烧边界条件
121.基于生活质量导向的乡村聚落空间组织机理及其优化模式,批准号：41471145,申请代码：D0109,项目类别：面上项目,项目负责人： 周国华,资助经费：80.0（万元）,批准年度：2014,结题年度：2018,依托单位： 湖南师范大学,关键词： 空间组织； 信息图谱； 生活质量； 乡村聚落； 聚落演变
122.维药大叶补血草化学成分分离及质量标准研究,批准号：31460087,申请代码：C0209,项目类别：地区科学基金项目,项目负责人： 古丽娜·沙比尔,资助经费：49.0（万元）,批准年度：2014,结题年度：2018,依托单位： 新疆维吾尔自治区中药民族药研究所,关键词： 结构鉴定； 药用植物； 分离纯化； 化学成分
123.发展高质量的多肽分子探针研究细胞内蛋白质分子功能,批准号：21475109,申请代码：B04,项目类别：面上项目,项目负责人： 吴川六,资助经费：81.0（万元）,批准年度：2014,结题年度：2018,依托单位： 厦门大学,关键词： 癌细胞； 多肽； 蛋白质相互作用； 螺旋结构； 分子探针
124.多环芳烃环境暴露、精浆miRNA表达与男性精液质量损害的关联研究,批准号：81502784,申请代码：H3001,项目类别：青年科学基金项目,项目负责人： 曾强,资助经费：19.0（万元）,批准年度：2015,结题年度：2018,依托单位： 华中科技大学,关键词： 精浆miRNA； 多环芳烃； 精液质量； 环境暴露
125.基于界面分形特征的TiAl合金电解加工表面质量控制模型研究,批准号：51505141,申请代码：E0509,项目类别：青年科学基金项目,项目负责人： 廖翠姣,资助经费：20.0（万元）,批准年度：2015,结题年度：2018,依托单位： 湖南工业大学,关键词： 分岔理论； 分形特征； 表面质量模型； 工件/溶液界面
126.用潘宁阱装置测量中微子质量本征态的可行性研究,批准号：11505030,申请代码：A2804,项目类别：青年科学基金项目,项目负责人： 郑川,资助经费：23.0（万元）,批准年度：2015,结题年度：2018,依托单位： 复旦大学,关键词： 镜像电荷； 中微子； 潘宁阱； 核衰变
127.瓷柱型高耸电气设备多重环式调谐质量阻尼减震技术研究,批准号：51478442,申请代码：E0810,项目类别：面上项目,项目负责人： 戴君武,资助经费：87.0（万元）,批准年度：2014,结题年度：2018,依托单位： 中国地震局工程力学研究所,关键词： 调谐质量； 多重环式； 瓷柱型高耸电气设备； 减震； 阻尼
128.基于空气质量、温湿效应的城市湖泊湿地生态环境效应研究,批准号：31500576,申请代码：C1612,项目类别：青年科学基金项目,项目负责人： 朱春阳,资助经费：20.0（万元）,批准年度：2015,结题年度：2018,依托单位： 华中农业大学,关键词： 生态环境效应； 温湿度； 城市湖泊湿地； 空气质量； 城市绿地
"129.基于""谱效关系+一测多评""思路的黄芪药材质量评价研究",批准号：81460599,申请代码：H3204,项目类别：地区科学基金项目,项目负责人： 董琳,资助经费：49.0（万元）,批准年度：2014,结题年度：2018,依托单位： 宁夏医科大学,关键词： 黄芪； 一测多评； 活性成分； 谱效关系； 中药质量控制
130.员工情绪劳动对感知服务质量的影响机制：基于情绪传染和行为的视角,批准号：71502136,申请代码：G0110,项目类别：青年科学基金项目,项目负责人： 程鹏飞,资助经费：19.0（万元）,批准年度：2015,结题年度：2018,依托单位： 西安理工大学,关键词： 顾客参与； 情绪劳动； 服务质量； 情绪传染； 服务业
131.基于环境因素的健康相关生命质量量表开发及效用值积分体系构建,批准号：71463007,申请代码：G0405,项目类别：地区科学基金项目,项目负责人： 伍红艳,资助经费：35.0（万元）,批准年度：2014,结题年度：2018,依托单位： 贵州医科大学,关键词： 卫生政策； 卫生经济学； 社会医学； 健康管理； 药物经济学
132.基于目标成分敲出/敲入的贵重中药麝香药效物质辨识和质量评价方法研究,批准号：81460600,申请代码：H3204,项目类别：地区科学基金项目,项目负责人： 罗云,资助经费：48.0（万元）,批准年度：2014,结题年度：2018,依托单位： 江西中医药大学,关键词： 成分敲出/敲入； 麝香； 药效物质辨识； 量效关系； 质量评价
133.用摆动周期法实现质量单位千克新定义的关键技术研究,批准号：51477160,申请代码：E0701,项目类别：面上项目,项目负责人： 张钟华,资助经费：87.0（万元）,批准年度：2014,结题年度：2018,依托单位： 中国计量科学研究院,关键词： 量子质量基准； 计量学； 电磁测量； 千克单位重新定义； 量子电学基标准
134.C-RAN中基于虚拟资源映射的多媒体业务服务质量保证方法,批准号：61501052,申请代码：F0102,项目类别：青年科学基金项目,项目负责人： 王珂,资助经费：20.0（万元）,批准年度：2015,结题年度：2018,依托单位： 北京邮电大学,关键词： 无线QoS服务质量； 无线QoS模型； 无线资源管理； 无线QoS控制
135.利用GPS观测资料反演高时空分辨率局部地表质量变化的方法研究,批准号：41504016,申请代码：D0401,项目类别：青年科学基金项目,项目负责人： 刘任莉,资助经费：20.0（万元）,批准年度：2015,结题年度：2018,依托单位： 武汉大学,关键词： 格林函数； 负载反演方法； 质量迁移； 地表负载形变
136.活动星系核与寄主星系协同演化的多波段研究:超大质量黑洞吸积反馈,批准号：11473036,申请代码：A1404,项目类别：面上项目,项目负责人： 王竞,资助经费：80.0（万元）,批准年度：2014,结题年度：2018,依托单位： 中国科学院国家天文台,关键词： 活动星系核； 星系演化
137.长期保护性耕作对黄绵土有机质组分及土壤质量的影响机制,批准号：31460337,申请代码：C1312,项目类别：地区科学基金项目,项目负责人： 李玲玲,资助经费：57.0（万元）,批准年度：2014,结题年度：2018,依托单位： 甘肃农业大学,关键词： 碳投入； 土壤有机质组分； 黄土高原； 土壤质量； 保护性耕作
138.基于飞机观测研究北京地区黑炭质量浓度及其混合结构的垂直特性,批准号：41505128,申请代码：D0502,项目类别：青年科学基金项目,项目负责人： 田平,资助经费：22.0（万元）,批准年度：2015,结题年度：2018,依托单位： 北京市气象局,关键词： 混合结构； 黑炭； 飞机观测； 气溶胶光学特性
139.基于网络拓扑结构的蛋白质相互作用数据质量控制与预测方法研究,批准号：61472282,申请代码：F0213,项目类别：面上项目,项目负责人： 王兵,资助经费：83.0（万元）,批准年度：2014,结题年度：2018,依托单位： 安徽工业大学,关键词： 质量控制； 蛋白质相互作用； 蛋白质相互作用预测； 疾病治疗； 网络拓扑结构
140.SIRT3调控线粒体质量在骨骼肌运动损伤与修复中的作用研究,批准号：81472099,申请代码：H0604,项目类别：面上项目,项目负责人： 孙孟炜,资助经费：72.0（万元）,批准年度：2014,结题年度：2018,依托单位： 上海体育科学研究所,关键词： SIRT3； 力竭运动； 线粒体质量控制
141.多靶蛋白芯片与定量指纹图谱相融合的中药质量评价方法研究,批准号：81503242,申请代码：H3204,项目类别：青年科学基金项目,项目负责人： 龚行楚,资助经费：18.0（万元）,批准年度：2015,结题年度：2018,依托单位： 浙江大学,关键词： 多靶蛋白芯片； 纸基芯片； 中药质量评价； 定量指纹图谱； 中药质量控制
142.基于食品冷冻质量的冷库热湿环境多目标控制与系统能耗协同优化研究,批准号：51508341,申请代码：E0803,项目类别：青年科学基金项目,项目负责人： 王贵强,资助经费：20.0（万元）,批准年度：2015,结题年度：2018,依托单位： 沈阳建筑大学,关键词： 冷库； 热湿环境； 节能优化
143.基于输运模型对核子有效质量劈裂、高密对称能及相关的模型依赖问题的研究,批准号：11505057,申请代码：A2702,项目类别：青年科学基金项目,项目负责人： 王永佳,资助经费：18.0（万元）,批准年度：2015,结题年度：2018,依托单位： 湖州师范学院,关键词： 核子有效质量劈裂； 输运模型； 对称能
144.基于物质群指纹特征表达与大蒜辣素有效检测的药用大蒜质量评价研究,批准号：21465023,申请代码：B0401,项目类别：地区科学基金项目,项目负责人： 关明,资助经费：55.0（万元）,批准年度：2014,结题年度：2018,依托单位： 新疆师范大学,关键词： 大蒜； 超高效液相色谱法； 大蒜辣素； 色谱指纹图谱； 质量评价
145.应用肝素-泊洛沙姆温敏性水凝胶提高血管吻合质量的实验研究,批准号：81460299,申请代码：H1707,项目类别：地区科学基金项目,项目负责人： 吕传柱,资助经费：49.0（万元）,批准年度：2014,结题年度：2018,依托单位： 海南医学院,关键词： 血管吻合术； 肝素-泊洛沙姆； 温敏性水凝胶； 抗栓塞
146.空间贝叶斯方法及在空气质量及其健康效果评估中的运用,批准号：41471376,申请代码：D0114,项目类别：面上项目,项目负责人： 李连发,资助经费：90.0（万元）,批准年度：2014,结题年度：2018,依托单位： 中国科学院地理科学与资源研究所,关键词： 空间聚集； 空气质量； 贝叶斯； 空间相关性； 健康效果
147.基于食品质量安全的生猪供应链运作模式优化及协调机制研究,批准号：71462020,申请代码：G0211,项目类别：地区科学基金项目,项目负责人： 高阔,资助经费：34.0（万元）,批准年度：2014,结题年度：2018,依托单位： 九江学院,关键词： 生猪供应链； 运作模式； 食品质量安全； 协调机制； 优化
"148.大质量AGB星演化关键核反应18O(a,g)22Ne的实验研究",批准号：11475265,申请代码：A2705,项目类别：面上项目,项目负责人： 曾晟,资助经费：90.0（万元）,批准年度：2014,结题年度：2018,依托单位： 中国原子能科学研究院,关键词： 渐进巨支星； 热核反应率； 中子源反应； alpha谱因子； 核天体物理
149.碳纤维复合材料微小孔加工机理与高质量加工关键技术研究,批准号：51505074,申请代码：E0509,项目类别：青年科学基金项目,项目负责人： 温泉,资助经费：20.0（万元）,批准年度：2015,结题年度：2018,依托单位： 东北大学,关键词： 微小孔； 刀具； 损伤； 碳纤维复合材料； 评价
150.会计信息质量在信贷资源配置中的识别意愿、识别技术及经济后果研究,批准号：71462004,申请代码：G0206,项目类别：地区科学基金项目,项目负责人： 叶志锋,资助经费：34.0（万元）,批准年度：2014,结题年度：2018,依托单位： 广西科技大学,关键词： 识别技术； 经济后果； 信贷资源配置； 会计信息质量； 识别意愿
151.束流品质表征及其对电子束选区熔化成形质量的影响机制,批准号：51505226,申请代码：E0508,项目类别：青年科学基金项目,项目负责人： 彭勇,资助经费：21.0（万元）,批准年度：2015,结题年度：2018,依托单位： 南京理工大学,关键词： 束流品质； 选区熔化； 成形质量； 电子束
152.华北地区农村面源大气污染排放对区域空气质量的影响,批准号：21477142,申请代码：B0603,项目类别：面上项目,项目负责人： 牟玉静,资助经费：95.0（万元）,批准年度：2014,结题年度：2018,依托单位： 中国科学院生态环境研究中心,关键词： 颗粒物； 雾霾； 大气污染物； 农村面源大气污染； 水溶性组分
153.基于社会化网络媒体数据的城市空气质量监测方法与模型研究,批准号：61502383,申请代码：F0214,项目类别：青年科学基金项目,项目负责人： 雷蕾,资助经费：21.0（万元）,批准年度：2015,结题年度：2018,依托单位： 西安理工大学,关键词： 社会化网络媒体； 网络信息处理； 城市计算； 城市空气质量监测
154.基于供应链安全管理的食品企业质量信号与市场的匹配机制研究,批准号：71462029,申请代码：G0211,项目类别：地区科学基金项目,项目负责人： 热比亚·吐尔逊,资助经费：34.0（万元）,批准年度：2014,结题年度：2018,依托单位： 新疆财经大学,关键词： 食品质量； 信号战略； 食品企业； 供应链安全管理
155.秸秆生物制氢过程中暗发酵液的品质调控机理及质量传递特性研究,批准号：U1504509,申请代码：E0607,项目类别：联合基金项目,项目负责人： 荆艳艳,资助经费：27.0（万元）,批准年度：2015,结题年度：2018,依托单位： 河南农业大学,关键词： 木质纤维素； 高值化利用； 生物质制氢； 品质调控
156.珠三角典型城市大气颗粒物质量散射效率变化的驱动机制研究,批准号：41475119,申请代码：D0506,项目类别：面上项目,项目负责人： 陶俊,资助经费：90.0（万元）,批准年度：2014,结题年度：2018,依托单位： 生态环境部华南环境科学研究所,关键词： 霾天气； 驱动机制； 粒径分布； 城市； 质量散射效率
157.快速城镇化进程中农户土地利用行为响应及其对耕地质量影响研究,批准号：71503174,申请代码：G0311,项目类别：青年科学基金项目,项目负责人： 刘洪彬,资助经费：19.0（万元）,批准年度：2015,结题年度：2018,依托单位： 沈阳农业大学,关键词： 土地资源管理； 耕地保护； 土地利用决策； 农户土地利用行为
158.基于代谢组学及液质联用技术的紫菀质量控制和抗哮喘作用机制研究,批准号：81473180,申请代码：H3410,项目类别：面上项目,项目负责人： 张兰桐,资助经费：55.0（万元）,批准年度：2014,结题年度：2018,依托单位： 河北医科大学,关键词： 质量控制； 液质联用； 代谢组学； 抗哮喘； 紫菀
159.迷走刺激及拟胆碱药防治缺血性心脏病的线粒体质量控制研究,批准号：81473203,申请代码：H3502,项目类别：面上项目,项目负责人： 臧伟进,资助经费：88.0（万元）,批准年度：2014,结题年度：2018,依托单位： 西安交通大学,关键词： 未折叠蛋白反应； 线粒体质量控制； 缺血性心脏病； 线粒体动力学； 拟胆碱药
160.金属上外延大面积高质量硅插层石墨烯的纳电子器件研究,批准号：61474141,申请代码：F0405,项目类别：面上项目,项目负责人： 鲍丽宏,资助经费：92.0（万元）,批准年度：2014,结题年度：2018,依托单位： 中国科学院物理研究所,关键词： 石墨烯； 电子输运； 半导体器件； 纳米器件； 迁移率
161.并网型风力发电机组电能质量测试关键技术研究及测试系统研制,批准号：51467016,申请代码：E0706,项目类别：地区科学基金项目,项目负责人： 孟克其劳,资助经费：52.0（万元）,批准年度：2014,结题年度：2018,依托单位： 内蒙古工业大学,关键词： 希尔伯特变换； 电能质量； 风力发电机组； 快速S变换； 闪变仪
162.中国公立医院安全文化、临床指南实施、医疗质量的关联机制模型研究,批准号：71473047,申请代码：G0405,项目类别：面上项目,项目负责人： 薛迪,资助经费：58.0（万元）,批准年度：2014,结题年度：2018,依托单位： 复旦大学,关键词： 公立医院； 医院管理
163.恒磨牙玻璃离子窝沟封闭质量与继发龋关系的队列研究及微生态机制探讨,批准号：81500841,申请代码：H1503,项目类别：青年科学基金项目,项目负责人： 尹伟,资助经费：18.0（万元）,批准年度：2015,结题年度：2018,依托单位： 四川大学,关键词： 巢式病例对照研究； 微生态病因； 龋病危险因素； 玻璃离子窝沟封闭； 队列研究
164.从界面管理视角探究企业网络来源、企业网络质量和企业绩效的关系,批准号：71502151,申请代码：G0207,项目类别：青年科学基金项目,项目负责人： 袁喜娜,资助经费：16.5（万元）,批准年度：2015,结题年度：2018,依托单位： 厦门大学,关键词： 企业网络来源； 社会资本； 企业网络质量； 界面管理； 企业绩效
165.企业赞助：重赞助匹配，还是重活动质量？——基于消费者调节聚焦视角的研究,批准号：71502019,申请代码：G0207,项目类别：青年科学基金项目,项目负责人： 杨洋,资助经费：17.0（万元）,批准年度：2015,结题年度：2018,依托单位： 成都理工大学,关键词： 品牌资产； 赞助匹配； 活动质量； 调节聚焦； 企业赞助
166.基于二维液相色谱的中药注射液质量控制方法研究及应用,批准号：81503032,申请代码：H3410,项目类别：青年科学基金项目,项目负责人： 韩省力,资助经费：17.9（万元）,批准年度：2015,结题年度：2018,依托单位： 西安交通大学,关键词： 中药注射液； 有效组分； 细胞膜色谱； 致敏组分； 二维液相色谱
167.基于压路机—土体非线性系统动力响应的压实质量连续检测方法研究,批准号：51478481,申请代码：E0809,项目类别：面上项目,项目负责人： 聂志红,资助经费：83.0（万元）,批准年度：2014,结题年度：2018,依托单位： 中南大学,关键词： 参数识别； 压实质量； 动力响应； 机-土系统模型； 连续检测方法
168.考虑关联特性和兼容性准则的电能质量深度分析诊断与影响后果评估研究,批准号：51477147,申请代码：E0704,项目类别：面上项目,项目负责人： 贾清泉,资助经费：80.0（万元）,批准年度：2014,结题年度：2018,依托单位： 燕山大学,关键词： 复杂事件处理； 电能质量； 兼容性； 关联特性； 原子算法
169.利用t和b夸克的衰变过程唯象研究低质量的WIMP型暗物质,批准号：11505144,申请代码：A2605,项目类别：青年科学基金项目,项目负责人： 贾连宝,资助经费：16.0（万元）,批准年度：2015,结题年度：2018,依托单位： 西南科技大学,关键词： 超出标准模型新物理； 衰变； 暗物质； 顶夸克
170.环境双酚A暴露导致精子质量下降及其DNA甲基化/羟甲基化异常的基础,批准号：81501318,申请代码：H0405,项目类别：青年科学基金项目,项目负责人： 苗茂华,资助经费：18.0（万元）,批准年度：2015,结题年度：2018,依托单位： 上海市生物医药技术研究院,关键词： 双酚A； 精子质量； 表观遗传学； DNA甲基化/羟甲基化谱
171.网购食品供应链中网络交易平台质量安全控制行为及其动力机制研究,批准号：71503002,申请代码：G0311,项目类别：青年科学基金项目,项目负责人： 张红霞,资助经费：17.0（万元）,批准年度：2015,结题年度：2018,依托单位： 安徽理工大学,关键词： 质量安全； 食品安全； 食物供应链； 食品安全控制； 信息传递机制
172.卫星重力测量反演高精度高分辨率局部地表质量变化的方法研究,批准号：41474019,申请代码：D0401,项目类别：面上项目,项目负责人： 钟波,资助经费：85.0（万元）,批准年度：2014,结题年度：2018,依托单位： 武汉大学,关键词： 时变重力场； 卫星重力测量； 局部地表质量变化； 径向基函数； Slepian基函数
173.补肾健脾方通过“SIRT3-线粒体-活性氧”调控途径改善老龄小鼠卵子质量的机制研究,批准号：81503603,申请代码：H3111,项目类别：青年科学基金项目,项目负责人： 于莎,资助经费：18.0（万元）,批准年度：2015,结题年度：2018,依托单位： 上海交通大学,关键词： 不孕症； SIRT3-线粒体-活性氧； 高龄； 补肾健脾方； 卵子质量
174.利用LAMOST光谱对银河系三维结构和致密天体质量分布进行深入研究,批准号：11333004,申请代码：A1503,项目类别：重点项目,项目负责人： 刘继峰,资助经费：320.0（万元）,批准年度：2013,结题年度：2018,依托单位： 中国科学院国家天文台,关键词： 黑洞； Ia型超新星； 双星演化； 白矮星； 光谱分类
175.无氨法制备高质量III族氮化物纳米线及其表面/界面调控机制研究,批准号：51472010,申请代码：E0210,项目类别：面上项目,项目负责人： 王如志,资助经费：83.0（万元）,批准年度：2014,结题年度：2018,依托单位： 北京工业大学,关键词： 纳米线； III族氮化物； 生长调控； 表面/界面； 无氨法
176.质量单位千克新定义中单晶硅材料制备同质性精密测量方法,批准号：51475440,申请代码：E0511,项目类别：面上项目,项目负责人： 王金涛,资助经费：81.0（万元）,批准年度：2014,结题年度：2018,依托单位： 中国计量科学研究院,关键词： 精密测量； 阿伏伽德罗常数； 密度； 单晶硅； 均匀性
177.微焦单毛细管聚光镜的传输特性及其提高X射线成像质量的研究,批准号：11505009,申请代码：A30,项目类别：青年科学基金项目,项目负责人： 林晓燕,资助经费：23.0（万元）,批准年度：2015,结题年度：2018,依托单位： 北京师范大学,关键词： 单毛细管聚光镜； X射线成像技术； 光强分布
178.基于多传感器信息融合的西藏特色食用菌冷链物流质量监测方法,批准号：31460421,申请代码：C2008,项目类别：地区科学基金项目,项目负责人： 吴志刚,资助经费：47.0（万元）,批准年度：2014,结题年度：2018,依托单位： 西藏农牧学院,关键词： 西藏； 多传感器信息融合； 质量监测； 冷链物流； 食用菌
179.低激发能情况下锕系核结构效应对裂变产物质量分布的影响,批准号：11465005,申请代码：A2702,项目类别：地区科学基金项目,项目负责人： 孙小军,资助经费：50.0（万元）,批准年度：2014,结题年度：2018,依托单位： 广西师范大学,关键词： 质量分布； 锕系核； 裂变； 核结构
180.标准化护理方案对乳腺癌患者健康相关生活质量干预效果及机制研究,批准号：81502700,申请代码：H1822,项目类别：青年科学基金项目,项目负责人： 周凯娜,资助经费：18.0（万元）,批准年度：2015,结题年度：2018,依托单位： 西安交通大学,关键词： 健康相关生活质量； 标准化护理方案； 健康信念模式； 乳腺癌
181.基于刀具变形和工件亚表层质量预测模型的自由曲面超精密铣削加工运动规划,批准号：51475188,申请代码：E0510,项目类别：面上项目,项目负责人： 彭芳瑜,资助经费：90.0（万元）,批准年度：2014,结题年度：2018,依托单位： 华中科技大学,关键词： 刀具变形； 运动规划； 工件亚表层质量； 自由曲面； 超精密铣削
182.基于眼前房角OCT影像质量分级的原发性闭角型青光眼辅助自动诊断研究,批准号：61501154,申请代码：F0125,项目类别：青年科学基金项目,项目负责人： 武薇,资助经费：19.0（万元）,批准年度：2015,结题年度：2018,依托单位： 杭州电子科技大学,关键词： 图像质量评估； 计算机辅助诊断； 特征提取与分类； 光学相干断层成像； 原发性闭角型青光眼
183.煤的热塑性与其黏结性和结焦性之间关系及其对焦炭质量影响规律研究,批准号：21476003,申请代码：B0815,项目类别：面上项目,项目负责人： 水恒福,资助经费：90.0（万元）,批准年度：2014,结题年度：2018,依托单位： 安徽工业大学,关键词： 热塑性； 焦炭质量； 炼焦配煤； 煤结构； 煤热解
184.基于制孔精度和孔壁质量控制模型的复合材料抗疲劳机械连接方法研究,批准号：51475298,申请代码：E0509,项目类别：面上项目,项目负责人： 安庆龙,资助经费：84.0（万元）,批准年度：2014,结题年度：2018,依托单位： 上海交通大学,关键词： 碳纤维增强复合材料； 机械连接； 制孔精度； 疲劳性能； 孔壁质量
185.基于病例队列随访设计的流动人口肺结核病人DOTS实施质量改进策略研究,批准号：71473152,申请代码：G0405,项目类别：面上项目,项目负责人： 周成超,资助经费：62.0（万元）,批准年度：2014,结题年度：2018,依托单位： 山东大学,关键词： 流动人口； 病例队列研究； 肺结核； 质量改进； DOTS
186.可调谐激光器的光束特性对合成孔径激光雷达成像质量的影响研究,批准号：61505036,申请代码：F0501,项目类别：青年科学基金项目,项目负责人： 张艳,资助经费：20.0（万元）,批准年度：2015,结题年度：2018,依托单位： 贵阳学院,关键词： 波长定标； 合成孔径激光雷达； 分辨率； 可调谐激光器； 相位误差
187.高光学质量BaGa4Se7晶体的生长及其中远红外激光输出性能研究,批准号：51472251,申请代码：E0201,项目类别：面上项目,项目负责人： 姚吉勇,资助经费：80.0（万元）,批准年度：2014,结题年度：2018,依托单位： 中国科学院理化技术研究所,关键词： 红外非线性光学晶体； 激光输出； 硒镓钡； 性质测试； 晶体生长
188.高质量InAs/GaSb异质结纳米线分子束外延生长及隧穿场效应器件研究,批准号：61504133,申请代码：F0401,项目类别：青年科学基金项目,项目负责人： 潘东,资助经费：22.0（万元）,批准年度：2015,结题年度：2018,依托单位： 中国科学院半导体研究所,关键词： InAs/GaSb； 分子束外延生长； 隧穿场效应晶体管； 轴向异质结纳米线
189.利用时空编码获得不均匀磁场下高质量单扫描MRI图像新方法,批准号：11474236,申请代码：A2002,项目类别：面上项目,项目负责人： 蔡淑惠,资助经费：96.0（万元）,批准年度：2014,结题年度：2018,依托单位： 厦门大学,关键词： 不均匀磁场； 磁共振成像； 单扫描； 时空编码； 畸变校正
190.喀斯特山区林草间作生态恢复过程中土壤质量演变规律及其评价-----以贵州“晴隆模式”为例,批准号：31460133,申请代码：C0307,项目类别：地区科学基金项目,项目负责人： 舒英格,资助经费：49.0（万元）,批准年度：2014,结题年度：2018,依托单位： 贵州大学,关键词： 晴隆模式； 土壤质量； 喀斯特； 评价指标体系； 林草间作
191.金银花主要药用成分合成积累的生理机制及其药材质量快速评价体系构建研究,批准号：31500261,申请代码：C0208,项目类别：青年科学基金项目,项目负责人： 李雁群,资助经费：18.0（万元）,批准年度：2015,结题年度：2018,依托单位： 华南农业大学,关键词： 化学评价； 质量形成； 资源利用评价； 次生代谢； 质量评价
192.基于生活环境质量评价及情景模拟分析的民族地区小城镇规划策略研究,批准号：51508484,申请代码：E0802,项目类别：青年科学基金项目,项目负责人： 麦贤敏,资助经费：20.0（万元）,批准年度：2015,结题年度：2018,依托单位： 西南民族大学,关键词： 小城镇规划； 评价指标； 生活环境质量； 情景模拟； 地理信息系统
193.雄激素通过Wnt信号通路调控卵巢颗粒细胞端粒酶活性进而影响卵子质量的机制,批准号：81501319,申请代码：H0420,项目类别：青年科学基金项目,项目负责人： 陈虹,资助经费：18.0（万元）,批准年度：2015,结题年度：2018,依托单位： 上海交通大学,关键词： 端粒酶活性； Wnt信号通路； 卵巢颗粒细胞； 雄激素； 卵子质量
194.基于三级供应链的质量与需求不对称下制造商激励契约设计研究,批准号：71501154,申请代码：G0109,项目类别：青年科学基金项目,项目负责人： 杨瑞娜,资助经费：18.0（万元）,批准年度：2015,结题年度：2018,依托单位： 西安交通大学,关键词： 激励契约； 委托代理理论； 三级供应链； 不对称信息； 博弈论
195.海洋边界层大气亚硝酸气生成机理及对沿海地区空气质量的影响,批准号：41505111,申请代码：D0506,项目类别：青年科学基金项目,项目负责人： 薛丽坤,资助经费：21.0（万元）,批准年度：2015,结题年度：2018,依托单位： 山东大学,关键词： 臭氧； 非均相反应； OH自由基； 亚硝酸气； 海洋大气相互作用
196.基于理气功效和代谢组学技术的柑橘属药材效应物质基础及质量控制研究,批准号：81473343,申请代码：H3204,项目类别：面上项目,项目负责人： 刘鄂湖,资助经费：78.0（万元）,批准年度：2014,结题年度：2018,依托单位： 中国药科大学,关键词： 质量控制； 柑橘属药材； 代谢组学； 理气
197.整合EST-SSR分子标记和代谢谱分析的多基原藏药沙棘鉴定与质量控制研究,批准号：81473428,申请代码：H3218,项目类别：面上项目,项目负责人： 张艺,资助经费：70.0（万元）,批准年度：2014,结题年度：2018,依托单位： 成都中医药大学,关键词： 质量控制； 沙棘； 代谢谱分析； 品种鉴定； EST-SSR分子标记
198.大城市居民生活质量的空间分异与机制研究—以郑州市为例,批准号：41501128,申请代码：D0108,项目类别：青年科学基金项目,项目负责人： 赵宏波,资助经费：20.0（万元）,批准年度：2015,结题年度：2018,依托单位： 河南大学,关键词： 居民生活质量； 空间分异； 城市空间结构； 郑州市； 影响机制
199.卵巢颗粒细胞对卵子老化的影响及抑制晚期糖基化终末产物对卵子质量的干预研究,批准号：81471507,申请代码：H0420,项目类别：面上项目,项目负责人： 梁晓燕,资助经费：74.0（万元）,批准年度：2014,结题年度：2018,依托单位： 中山大学,关键词： 体外成熟； 颗粒细胞； 晚期糖基化终末产物； 卵子老化； 卵子质量
200.2型糖尿病易感基因与膳食碳水化合物质量的交互作用及机理研究,批准号：81472976,申请代码：H3003,项目类别：面上项目,项目负责人： 成果,资助经费：85.0（万元）,批准年度：2014,结题年度：2018,依托单位： 四川大学,关键词： 膳食碳水化合物质量； 分子机制； 2型糖尿病患病风险； 基因多态性
