1.出凝血检验国际标准品互通性研究与国家标准品研制,批准号：81772254,申请代码：H2603,项目类别：面上项目,项目负责人： 彭明婷,资助经费：52.0（万元）,批准年度：2017,结题年度：2021,依托单位： 北京医院,关键词： 出凝血检验； 国际标准品； 互通性； 国家标准品； 准确性
2.无退化的混沌密码标准实现研究,批准号：61772047,申请代码：F0201,项目类别：面上项目,项目负责人： 赵耿,资助经费：58.0（万元）,批准年度：2017,结题年度：2021,依托单位： 北京电子科技学院,关键词： 标准化； 有限域； 硬件实现； 无退化； 混沌密码
3.儿童急性肾损伤诊断标准的研究,批准号：81770683,申请代码：H0502,项目类别：面上项目,项目负责人： 徐欣,资助经费：56.0（万元）,批准年度：2017,结题年度：2021,依托单位： 南方医科大学,关键词： 诊断标准； 死亡风险预测； 急性肾损伤； 儿童
4.艾肯系标准地层剖面的建立,批准号：41773065,申请代码：D0307,项目类别：面上项目,项目负责人： 刘建忠,资助经费：69.0（万元）,批准年度：2017,结题年度：2021,依托单位： 中国科学院地球化学研究所,关键词： 标准地层； 剖面； 艾肯系
5.超越标准量子极限的多参数联合测量,批准号：91836302,申请代码：A2403,项目类别：重大研究计划,项目负责人： 李小英,资助经费：410.0（万元）,批准年度：2018,结题年度：2021,依托单位： 天津大学,关键词： 精密测量； 光学参量放大器； 量子纠缠态； 多参数； 冷原子
6.溯源到约瑟夫森量子电压标准的电子温标,批准号：61771441,申请代码：F0122,项目类别：面上项目,项目负责人： 屈继峰,资助经费：68.0（万元）,批准年度：2017,结题年度：2021,依托单位： 中国计量科学研究院,关键词： 量子电压标准； 温标； 约瑟夫森效应； 热力学温度； 约翰逊噪声
7.基于妇幼大数据高危孕产妇标准及预警体系研究,批准号：71804162,申请代码：G0405,项目类别：青年科学基金项目,项目负责人： 马袁英,资助经费：16.5（万元）,批准年度：2018,结题年度：2021,依托单位： 浙江大学,关键词： 高危孕产妇； 预警； 大数据； 危重孕产妇； 妇幼保健
8.基于作物产量反应的水稻养分限量标准研究,批准号：31801938,申请代码：C1513,项目类别：青年科学基金项目,项目负责人： 徐新朋,资助经费：25.0（万元）,批准年度：2018,结题年度：2021,依托单位： 中国农业科学院农业资源与农业区划研究所,关键词： 限量标准； 土壤养分； 产量反应； 养分供应特征； QUEFTS模型
9.多维动态耦合特征下铁路主要技术标准深度学习优选,批准号：51778640,申请代码：E0809,项目类别：面上项目,项目负责人： 蒲浩,资助经费：60.0（万元）,批准年度：2017,结题年度：2021,依托单位： 中南大学,关键词： 主要技术标准； 深度学习； 铁路； 选线； 优化
10.脱细胞基质生物材料DNA去除标准和免疫原性研究,批准号：31771043,申请代码：C1002,项目类别：面上项目,项目负责人： 张剑,资助经费：60.0（万元）,批准年度：2017,结题年度：2021,依托单位： 中国人民解放军第二军医大学,关键词： 生物相容性； 内毒素； DNA； 脱细胞基质； 技术标准
11.不依赖标准星的红外大气消光测量方法研究,批准号：11803089,申请代码：A1901,项目类别：青年科学基金项目,项目负责人： 赵志军,资助经费：28.0（万元）,批准年度：2018,结题年度：2021,依托单位： 河南师范大学,关键词： 红外辐射测量； 天顶角扫描； 红外天文选址； 红外大气消光； 不依赖标准星
12.基于图的描述逻辑高效非标准推理技术的研究,批准号：61762063,申请代码：F0607,项目类别：地区科学基金项目,项目负责人： 付雪峰,资助经费：38.0（万元）,批准年度：2017,结题年度：2021,依托单位： 南昌工程学院,关键词： 本体调试； 本体修正； 并行推理； 不一致容忍语义； 知识本体
13.国家公园旅游生态补偿标准的测度模型及机制研究,批准号：41771147,申请代码：D0110,项目类别：面上项目,项目负责人： 章锦河,资助经费：60.0（万元）,批准年度：2017,结题年度：2021,依托单位： 南京大学,关键词： 旅游生态补偿标准； 旅游生态补偿机制； 生态系统服务； Shapley值法； 国家公园
14.面向政府大数据资源治理与共享的数据质量管理标准研究,批准号：92046017,申请代码：G0414,项目类别：重大研究计划,项目负责人： 洪学海,资助经费：20.0（万元）,批准年度：2020,结题年度：2021,依托单位： 中国科学院计算技术研究所,关键词： 政府大数据； 标准化； 案例分析； 共享机制； 分析框架
15.非标准型非线性系统的自适应逼近控制技术,批准号：61803226,申请代码：F0301,项目类别：青年科学基金项目,项目负责人： 张言军,资助经费：26.0（万元）,批准年度：2018,结题年度：2021,依托单位： 曲阜师范大学,关键词： 非标准型； 神经网络系统； T-S模糊系统； 自适应控制； 逼近控制
16.基于多尺度标准实验的固体材料可燃性分析方法研究,批准号：51776098,申请代码：E0604,项目类别：面上项目,项目负责人： 徐强,资助经费：60.0（万元）,批准年度：2017,结题年度：2021,依托单位： 南京理工大学,关键词： 引燃特性； 热释放能力； 热释放速率； 多尺度可燃性分析； 微尺度燃烧量热仪
17.基于内标准基因的云南野生菌等温检测新技术研究,批准号：31801635,申请代码：C2008,项目类别：青年科学基金项目,项目负责人： 商颖,资助经费：27.0（万元）,批准年度：2018,结题年度：2021,依托单位： 昆明理工大学,关键词： 内标准基因； DNA杂交； 野生菌； 定量检测； 等温扩增
"18.""金标准""眼压计的力学缺陷和固液膜解耦原理与实现",批准号：11772336,申请代码：A0812,项目类别：面上项目,项目负责人： 杨荣,资助经费：90.0（万元）,批准年度：2017,结题年度：2021,依托单位： 中国科学院力学研究所,关键词： 深度敏感； 眼压； 解耦； 角膜； 眼压计
19.京津冀区域大气细颗粒物的标准化样品采集和表征,批准号：91743206,申请代码：B0607,项目类别：重大研究计划,项目负责人： 张庆华,资助经费：290.0（万元）,批准年度：2017,结题年度：2021,依托单位： 中国科学院生态环境研究中心,关键词： 标准化； 大气细颗粒物； 表征； 样品采集； 京津冀
20.若干非标准核奇异积分及相关分数次非线性方程的研究,批准号：11771399,申请代码：A0205,项目类别：面上项目,项目负责人： 陶祥兴,资助经费：48.0（万元）,批准年度：2017,结题年度：2021,依托单位： 浙江科技学院,关键词： 交换子； 奇异积分算子； 分数次积分算子； 粗糙核算子； 分数次Laplacian
21.符合人体安全标准的大功率模块化无线充电系统的研究,批准号：51807174,申请代码：E0706,项目类别：青年科学基金项目,项目负责人： 钟文兴,资助经费：23.0（万元）,批准年度：2018,结题年度：2021,依托单位： 浙江大学,关键词： 无线能量传输； 感性谐振耦合； 人体安全； 无线充电； 模块化
22.基于基因组的赤杆菌科细菌分子系统发育及其分类标准研究,批准号：31770004,申请代码：C0101,项目类别：面上项目,项目负责人： 许学伟,资助经费：60.0（万元）,批准年度：2017,结题年度：2021,依托单位： 自然资源部第二海洋研究所,关键词： 海洋细菌； 赤杆菌； 细菌资源； 系统发育； 多相分类
23.基于政府与农户响应的东北黑土区保护性耕作补贴标准动态测度研究,批准号：71803095,申请代码：G0311,项目类别：青年科学基金项目,项目负责人： 乔金杰,资助经费：17.0（万元）,批准年度：2018,结题年度：2021,依托单位： 齐齐哈尔大学,关键词： 动态测度； 多元Probit； 保护性耕作补贴； 政策边界； 东北黑土区
24.大数据驱动学习下超声成像系统标准扫查切面检测与组织结构定位研究,批准号：61771233,申请代码：F0125,项目类别：面上项目,项目负责人： 杨丰,资助经费：67.0（万元）,批准年度：2017,结题年度：2021,依托单位： 南方医科大学,关键词： 图像理解； 超声图像； 组织结构定位； 扫查切面检测； 机器学习
25.基于高品质单光子和多光子纠缠的超越标准量子极限精密测量技术,批准号：91836303,申请代码：A2205,项目类别：重大研究计划,项目负责人： 陆朝阳,资助经费：430.0（万元）,批准年度：2018,结题年度：2021,依托单位： 中国科学技术大学,关键词： 压缩态； 单光子源； 光子轨道角动量； 多光子纠缠； 量子精密测量
26.基于专利池的高技术产业技术标准开发机制与政策研究,批准号：71774177,申请代码：G0404,项目类别：面上项目,项目负责人： 张运生,资助经费：48.0（万元）,批准年度：2017,结题年度：2021,依托单位： 中南大学,关键词： 专利池； 技术标准化； 科技政策； 技术创新； 自主创新能力
27.标准化戊型肝炎病毒急性和慢性感染兔模型的建立和应用,批准号：81772175,申请代码：H2103,项目类别：面上项目,项目负责人： 王玲,资助经费：83.0（万元）,批准年度：2017,结题年度：2021,依托单位： 北京大学,关键词： 疾病兔模型； 戊型肝炎病毒； 致病机制； 感染与免疫； 抗病毒药物筛选
28.榍石离子探针U-Pb定年的基体效应研究及微区分析标准物质研制,批准号：41773047,申请代码：D0303,项目类别：面上项目,项目负责人： 凌潇潇,资助经费：68.0（万元）,批准年度：2017,结题年度：2021,依托单位： 中国科学院地质与地球物理研究所,关键词： 标准物质； 离子探针； 榍石； 基体效应
29.求解标准形式的大规模离散不适定问题的Krylov迭代法正则化理论和算法,批准号：11771249,申请代码：A0502,项目类别：面上项目,项目负责人： 贾仲孝,资助经费：48.0（万元）,批准年度：2017,结题年度：2021,依托单位： 清华大学,关键词： 强噪声； 信号处理； 图像处理； 压缩感知
30.非平衡热力学量子场论对超越标准模型新物理的修正及其在早期宇宙中的应用,批准号：11775110,申请代码：A2605,项目类别：面上项目,项目负责人： 张若筠,资助经费：68.0（万元）,批准年度：2017,结题年度：2021,依托单位： 南京大学,关键词： 非平衡热力学场论； 复合希格斯模型； 极早期宇宙物理； 正反物质不对称性； 新物理模型
31.最低工资标准的劳动力市场与宏观经济效应：基于搜寻匹配理论的研究,批准号：71803100,申请代码：G0305,项目类别：青年科学基金项目,项目负责人： 王曈,资助经费：18.0（万元）,批准年度：2018,结题年度：2021,依托单位： 山东大学,关键词： 动态随机一般均衡模型； 劳动力市场； 最低工资标准； 搜寻匹配理论； 就业
32.标准模型希格斯粒子性质及TeV新物理理论中希格斯部分结构的唯象研究,批准号：11775211,申请代码：A2605,项目类别：面上项目,项目负责人： 张仁友,资助经费：64.0（万元）,批准年度：2017,结题年度：2021,依托单位： 中国科学技术大学,关键词： 希格斯精确检验； 超对称； 对称性破缺； 新物理模型
33.基于通路模块标准化的芪参颗粒及其配伍成分治疗冠心病心衰的作用模式研究,批准号：81774152,申请代码：H3303,项目类别：面上项目,项目负责人： 朱瑞新,资助经费：55.0（万元）,批准年度：2017,结题年度：2021,依托单位： 同济大学,关键词： 冠心病心衰； 通路模块标准化； 作用模式； 芪参颗粒； 配伍成分
34.技术标准化和竞争行为的组合配置对企业创新绩效的影响机理及有效性测度模型研究,批准号：71774067,申请代码：G0404,项目类别：面上项目,项目负责人： 姜红,资助经费：50.0（万元）,批准年度：2017,结题年度：2021,依托单位： 吉林大学,关键词： 创新绩效； 有效性测度； 技术标准化； 竞争行为； 组合配置
35.基于能值理论的草原生态补偿对牧民收入的影响机理及补偿标准动态调整机制的研究,批准号：71764019,申请代码：G0411,项目类别：地区科学基金项目,项目负责人： 巩芳,资助经费：28.0（万元）,批准年度：2017,结题年度：2021,依托单位： 内蒙古工业大学,关键词： 草原生态补偿标准； 牧民收入； 系统动力学； 能值理论； 草原生态补偿
36.三维超声标准化分类联合CMA检测对胎儿后颅窝异常表型与基因型关系的遗传学研究,批准号：81801705,申请代码：H2703,项目类别：青年科学基金项目,项目负责人： 雷婷,资助经费：21.0（万元）,批准年度：2018,结题年度：2021,依托单位： 中山大学,关键词： 后颅窝异常； 胎儿； 标准化分类； 三维超声； 染色体微阵列分析
37.基于脊椎动物比较解剖学技术的贵州小型猪十二经五输穴标准化定位及穴区形态数据库构建,批准号：81760791,申请代码：H3301,项目类别：地区科学基金项目,项目负责人： 徐照,资助经费：33.0（万元）,批准年度：2017,结题年度：2021,依托单位： 贵州中医药大学,关键词： 贵州小型猪； 比较解剖学； 标准化研究； 五输穴； 腧穴定位
38.基于新型衍生化方法和二维液相色谱-质谱的全氟辛烷磺酸脂质组学研究,批准号：21804137,申请代码：B0403,项目类别：青年科学基金项目,项目负责人： 翁瑞,资助经费：25.0（万元）,批准年度：2018,结题年度：2021,依托单位： 中国农业科学院农业质量标准与检测技术研究所,关键词： 正相/反相二维液相色谱-质谱； 衍生化； 全氟辛烷磺酸； 脂质组学； 毒性机制
39.识别氨基糖苷类抗生素的比率型荧光印迹阵列传感基础研究,批准号：21804138,申请代码：B0406,项目类别：青年科学基金项目,项目负责人： 李楠,资助经费：25.0（万元）,批准年度：2018,结题年度：2021,依托单位： 中国农业科学院农业质量标准与检测技术研究所,关键词： 分子印迹聚合物； 氨基糖苷类抗生素； 比率型荧光探针； 阵列传感器； 快速检测
40.食品中羟基多氯联苯类特异性识别及超敏传感基础研究,批准号：21777189,申请代码：B0602,项目类别：面上项目,项目负责人： 王培龙,资助经费：64.0（万元）,批准年度：2017,结题年度：2021,依托单位： 中国农业科学院农业质量标准与检测技术研究所,关键词： 上转换发光； 分子印迹聚合物； 羟基多氯联苯； 食品； 传感分析
41.三种高膳食暴露风险内分泌干扰类农药联合毒性作用机制研究,批准号：31771894,申请代码：C2009,项目类别：面上项目,项目负责人： 陈晨,资助经费：60.0（万元）,批准年度：2017,结题年度：2021,依托单位： 中国农业科学院农业质量标准与检测技术研究所,关键词： 联合毒性； 细胞色素酶P450； 细胞凋亡； 调控机制； 化合物
42.高分子载体特性和阿维菌素微胶囊降解行为之间的相关性研究,批准号：21806182,申请代码：B0602,项目类别：青年科学基金项目,项目负责人： 夏伊宁,资助经费：23.5（万元）,批准年度：2018,结题年度：2021,依托单位： 中国农业科学院农业质量标准与检测技术研究所,关键词： 样品预处理； 色质联用； 降解行为； 水体环境； 微胶囊农药
43.饲料中新型卤代持久性有机污染物高通量筛查及其靶向甄别研究,批准号：21777190,申请代码：B0602,项目类别：面上项目,项目负责人： 李晓敏,资助经费：64.0（万元）,批准年度：2017,结题年度：2021,依托单位： 中国农业科学院农业质量标准与检测技术研究所,关键词： 新型卤代持久性有机污染物； 饲料； 靶向识别
44.基于印迹纳米杂化膜及增敏探针双识别作用的SPR-SERS农药多残留研究,批准号：31772071,申请代码：C2008,项目类别：面上项目,项目负责人： 佘永新,资助经费：60.0（万元）,批准年度：2017,结题年度：2021,依托单位： 中国农业科学院农业质量标准与检测技术研究所,关键词： 芯片； 农药残留； SPR； 纳米技术； 分子印迹电化学传感； SERS基底
45.硫酸根离子对水稻三价砷转运的调控机制研究,批准号：41807475,申请代码：D0711,项目类别：青年科学基金项目,项目负责人： 王旭,资助经费：23.0（万元）,批准年度：2018,结题年度：2021,依托单位： 广东省农业科学院农业质量标准与监测技术研究所,关键词： 硫酸根； 水稻； 三价砷； 调控； 转运
46.典型区域氯化石蜡在土壤-散养鸡体系的迁移转化规律及富集机理,批准号：41807380,申请代码：D0707,项目类别：青年科学基金项目,项目负责人： 黄晓梅,资助经费：25.0（万元）,批准年度：2018,结题年度：2021,依托单位： 广东省农业科学院农业质量标准与监测技术研究所,关键词： 散养鸡； 土壤； 生物富集机理； 氯化石蜡； 迁移转化
47.椒麻风味增强咸味感知的作用机制研究,批准号：31801622,申请代码：C2008,项目类别：青年科学基金项目,项目负责人： 张璐璐,资助经费：23.0（万元）,批准年度：2018,结题年度：2021,依托单位： 中国标准化研究院,关键词： 减盐； 仪器； fMRI(功能性核磁共振成像)； 样品； EEG(脑电)
48.硼介导根系细胞壁对蔬菜镉吸收的调控效应及其机制研究,批准号：31800432,申请代码：C0310,项目类别：青年科学基金项目,项目负责人： 李富荣,资助经费：23.0（万元）,批准年度：2018,结题年度：2021,依托单位： 广东省农业科学院农业质量标准与监测技术研究所,关键词： 硼； 调控效应； 细胞壁； 重金属； 吸收
49.高温高压高黏度标准物质的研究,批准号：51676159,申请代码：E0606,项目类别：面上项目,项目负责人： 孟现阳,资助经费：65.0（万元）,批准年度：2016,结题年度：2020,依托单位： 西安交通大学,关键词： 高温； 实验测量； 黏度标准； 高压； 黏度模型
50.超出标准模型的新物理唯象研究,批准号：11675242,申请代码：A2605,项目类别：面上项目,项目负责人： 杨金民,资助经费：68.0（万元）,批准年度：2016,结题年度：2020,依托单位： 中国科学院理论物理研究所,关键词： 电弱对称破缺机制； 新物理模型
51.在高能对撞机上寻找具有末态陶粒子的标准模型及超标准模型的希格斯粒子,批准号：11675087,申请代码：A28,项目类别：面上项目,项目负责人： 陈新,资助经费：60.0（万元）,批准年度：2016,结题年度：2020,依托单位： 清华大学,关键词： 带电希格斯粒子； 陶轻子； 汤川耦合； 味改变中性流； Higgs物理
52.标准模型及新物理中的精密计算,批准号：11535002,申请代码：A2603,项目类别：重点项目,项目负责人： 冯太傅,资助经费：280.0（万元）,批准年度：2015,结题年度：2020,依托单位： 河北大学,关键词： 双圈辐射修正； 电弱相互作用； 留数定理
53.食品信息标准化披露的跨市场效应,批准号：71672047,申请代码：G0207,项目类别：面上项目,项目负责人： 邹鹏,资助经费：48.0（万元）,批准年度：2016,结题年度：2020,依托单位： 哈尔滨工业大学,关键词： 信息不对称； 产品信息披露； 营销战略； 金融市场； 溢出效应
54.突破标准量子极限的双数态的制备与研究,批准号：91636213,申请代码：A21,项目类别：重大研究计划,项目负责人： 郑盟锟,资助经费：360.0（万元）,批准年度：2016,结题年度：2020,依托单位： 清华大学,关键词： 超冷原子； 玻色-爱因斯坦凝聚； 量子气体； 双数态； 旋量凝聚体
55.标准模型之外新规范玻色子的对撞机信号研究,批准号：11675002,申请代码：A2605,项目类别：面上项目,项目负责人： 曹庆宏,资助经费：58.0（万元）,批准年度：2016,结题年度：2020,依托单位： 北京大学,关键词： 规范玻色子； 对撞机唯象学； 电弱对称破缺机制； 新物理模型
56.卫生统计大数据标准化关键技术研究,批准号：81673269,申请代码：H3011,项目类别：面上项目,项目负责人： 王霞,资助经费：45.0（万元）,批准年度：2016,结题年度：2020,依托单位： 中国人民解放军第四军医大学,关键词： 数据标准； 卫生统计本体； 统计元数据； 大数据
57.在μν超对称标准模型中B物理与Higgs物理的研究,批准号：11705045,申请代码：A2605,项目类别：青年科学基金项目,项目负责人： 张海斌,资助经费：25.0（万元）,批准年度：2017,结题年度：2020,依托单位： 河北大学,关键词： 超对称理论； 超对称唯象学； Higgs物理
58.中国省域碳排放权多标准分配方法研究,批准号：71704157,申请代码：G0411,项目类别：青年科学基金项目,项目负责人： 方恺,资助经费：18.0（万元）,批准年度：2017,结题年度：2020,依托单位： 浙江大学,关键词： 省域排放配额； 分配原则； 减排目标； 碳排放权； 分配指标
59.突破标准量子极限的非对易多参数联合测量,批准号：91736105,申请代码：A2205,项目类别：重大研究计划,项目负责人： 李小英,资助经费：90.0（万元）,批准年度：2017,结题年度：2020,依托单位： 天津大学,关键词： 非经典光场； 多参数量子测量； 量子噪声
60.双重味物理及标准模型的一些精确计算,批准号：11675239,申请代码：A26,项目类别：面上项目,项目负责人： 张肇西,资助经费：68.0（万元）,批准年度：2016,结题年度：2020,依托单位： 中国科学院理论物理研究所,关键词： 精确计算； 双重味物理； 标准模型
61.静息态功能磁共振影像计算指标的标准化研究,批准号：81671774,申请代码：H2708,项目类别：面上项目,项目负责人： 严超赣,资助经费：58.0（万元）,批准年度：2016,结题年度：2020,依托单位： 中国科学院心理研究所,关键词： 标准化； 静息态； 多站点大样本研究； 功能连接； 功能磁共振成像
62.面向下一代视频编码标准的高效算法研究,批准号：61672134,申请代码：F0210,项目类别：面上项目,项目负责人： 朱树元,资助经费：62.0（万元）,批准年度：2016,结题年度：2020,依托单位： 电子科技大学,关键词： RGB视频编码； 帧内预测编码； 环路滤波
63.基于AUTOSAR新平台标准的汽车CPS自适应安全调度,批准号：61702172,申请代码：F0204,项目类别：青年科学基金项目,项目负责人： 谢国琪,资助经费：21.0（万元）,批准年度：2017,结题年度：2020,依托单位： 湖南大学,关键词： AUTOSAR自适应平台； 调度； 自适应； 安全； 汽车信息物理融合系统
64.B介子非轻衰变的唯象学研究及标准模型检验,批准号：11705159,申请代码：A2603,项目类别：青年科学基金项目,项目负责人： 邹芝田,资助经费：20.0（万元）,批准年度：2017,结题年度：2020,依托单位： 烟台大学,关键词： B介子衰变； CKM矩阵； 标准模型精确检验； 新物理； CP破坏
65.高技术产业团体标准设定机理与政策研究,批准号：71673080,申请代码：G0404,项目类别：面上项目,项目负责人： 方放,资助经费：49.0（万元）,批准年度：2016,结题年度：2020,依托单位： 湖南大学,关键词： 高技术产业； 政策； 机理； 团体标准； 团体标准设定
66.农村居民点用地内部结构演变及其配置标准改进,批准号：41671519,申请代码：D0111,项目类别：面上项目,项目负责人： 姜广辉,资助经费：66.0（万元）,批准年度：2016,结题年度：2020,依托单位： 北京师范大学,关键词： 演变机理； 配置标准； 农村居民点用地； 内部结构
67.石油化工过程在线安全分析信息标准化与分析方法研究,批准号：61703026,申请代码：F0304,项目类别：青年科学基金项目,项目负责人： 高东,资助经费：26.0（万元）,批准年度：2017,结题年度：2020,依托单位： 北京化工大学,关键词： 危险评估； 实时安全评估； 可靠性评估
68.基于固态纠缠单自旋体系实现突破标准量子极限的精密测量,批准号：91636217,申请代码：A2403,项目类别：重大研究计划,项目负责人： 石发展,资助经费：310.0（万元）,批准年度：2016,结题年度：2020,依托单位： 中国科学技术大学,关键词： 精密测量； 金刚石色心； 标准量子极限； 量子纠缠； 海森堡极限
69.标准星系演化模型下对两类特殊星系的研究,批准号：11703037,申请代码：A1403,项目类别：青年科学基金项目,项目负责人： 容昱,资助经费：30.0（万元）,批准年度：2017,结题年度：2020,依托单位： 中国科学院国家天文台,关键词： 星系形态； 高红移； 恒星形成率； 低红移
70.中国水库大坝生命和经济风险标准及其适用性评价研究,批准号：51709239,申请代码：E0906,项目类别：青年科学基金项目,项目负责人： 葛巍,资助经费：25.0（万元）,批准年度：2017,结题年度：2020,依托单位： 郑州大学,关键词： 风险标准； 适用性； F-N曲线； 大坝； 突变评价法
71.两类非标准随机环境中随机游动的极限性质,批准号：11701083,申请代码：A0209,项目类别：青年科学基金项目,项目负责人： 周珂,资助经费：21.0（万元）,批准年度：2017,结题年度：2020,依托单位： 对外经济贸易大学,关键词： 随机环境； 马氏过程； 分枝过程； 随机游动； 扩散过程
"72.社区卫生服务项目""相对价值""量化标准模型研究-“当量法”",批准号：71673191,申请代码：G0405,项目类别：面上项目,项目负责人： 尹德卢,资助经费：42.0（万元）,批准年度：2016,结题年度：2020,依托单位： 首都儿科研究所,关键词： 当量值； 精细化管理； 社区卫生； 成本测算； 绩效评估
73.基于飞秒光梳激发铷、氢原子双光子跃迁的光频率标准,批准号：61535001,申请代码：F0505,项目类别：重点项目,项目负责人： 赵建业,资助经费：300.0（万元）,批准年度：2015,结题年度：2020,依托单位： 北京大学,关键词： 铷； 氢； 光梳； 双光子跃迁； 光频标
74.基于标准形态与稀疏表示的非刚性三维形状检索方法研究,批准号：61672043,申请代码：F0209,项目类别：面上项目,项目负责人： 连宙辉,资助经费：62.0（万元）,批准年度：2016,结题年度：2020,依托单位： 北京大学,关键词： 稀疏表示； 三维形状检索； 标准形态； 非刚性； 形状匹配与检索
75.基于地理学视角的青海湖流域景观尺度生态补偿标准研究,批准号：41661023,申请代码：D0105,项目类别：地区科学基金项目,项目负责人： 陈克龙,资助经费：39.0（万元）,批准年度：2016,结题年度：2020,依托单位： 青海师范大学,关键词： 模型模拟； 生态补偿标准； 青海湖流域； 景观尺度； 生态健康
76.非标准冲击电压对油纸绝缘放电特性和累积效应的影响,批准号：51707023,申请代码：E0705,项目类别：青年科学基金项目,项目负责人： 孙魄韬,资助经费：25.0（万元）,批准年度：2017,结题年度：2020,依托单位： 重庆大学,关键词： 变压器油纸绝缘； 累积损伤生成物物质谱； 波形等价； 非标准冲击电压； 累积效应
77.质量驱动的公共服务标准化研究：理论构建、机制设计与应用策略,批准号：71704112,申请代码：G0401,项目类别：青年科学基金项目,项目负责人： 耿旭,资助经费：19.0（万元）,批准年度：2017,结题年度：2020,依托单位： 深圳大学,关键词： 公共服务标准化； 服务质量； 应用策略； 理论构建； 机制设计
78.多目标隐结构模型对肺痿证候分类及诊断标准的研究,批准号：81703946,申请代码：H3303,项目类别：青年科学基金项目,项目负责人： 许玉龙,资助经费：20.0（万元）,批准年度：2017,结题年度：2020,依托单位： 河南中医药大学,关键词： 差分进化； 肺痿； 证候分类及诊断； 隐结构； 多目标算法
79.非标准拟线性椭圆和抛物型方程的Calderón-Zygmund估计,批准号：11671111,申请代码：A0304,项目类别：面上项目,项目负责人： 张超,资助经费：48.0（万元）,批准年度：2016,结题年度：2020,依托单位： 哈尔滨工业大学,关键词： 正则性； 变指数Sobolev空间； Calderón-Zygmund估计； p(x)-Laplace方程； Dirichlet边值问题
80.与反应扩散方程动力相容的高精度非标准有限差分方法,批准号：11701124,申请代码：A0504,项目类别：青年科学基金项目,项目负责人： 秦雯娣,资助经费：25.0（万元）,批准年度：2017,结题年度：2020,依托单位： 哈尔滨工业大学,关键词： 反应扩散方程； 稳定性； 收敛性； 动力相容性； 非标准有限差分方法
81.氟碳铈矿原位微区U-Th-Pb定年的标准参考物质研制,批准号：41703057,申请代码：D0303,项目类别：青年科学基金项目,项目负责人： 李杨,资助经费：22.0（万元）,批准年度：2017,结题年度：2020,依托单位： 四川师范大学,关键词： 氟碳铈矿； 激光剥蚀； 电感耦合等离子体质谱； U-Th-Pb定年； 稀土矿床
82.基于空间多标准分析的我国海水养殖空间布局优化决策：方法及应用,批准号：71673259,申请代码：G0311,项目类别：面上项目,项目负责人： 于谨凯,资助经费：48.0（万元）,批准年度：2016,结题年度：2020,依托单位： 中国海洋大学,关键词： 空间多标准分析； 决策应用； 空间布局优化； 决策方法； 海水养殖
83.结合暗能量模型的观测限制及其贝叶斯模型选择标准解析暗能量性质,批准号：11705079,申请代码：A2504,项目类别：青年科学基金项目,项目负责人： 杨维强,资助经费：26.0（万元）,批准年度：2017,结题年度：2020,依托单位： 辽宁师范大学,关键词： 宇宙学参数； 暗能量； 观测限制； 贝叶斯模型选择
84.针对新一代视频编码标准HEVC的视频重压缩取证技术研究,批准号：61702034,申请代码：F0206,项目类别：青年科学基金项目,项目负责人： 李赵红,资助经费：23.0（万元）,批准年度：2017,结题年度：2020,依托单位： 北京交通大学,关键词： 篡改检测； HEVC视频； 被动取证； 视频重压缩检测； 视频取证
85.基于异构移动互联接入标准的多路径传输性能改进技术研究,批准号：61662020,申请代码：F0204,项目类别：地区科学基金项目,项目负责人： 周星,资助经费：42.0（万元）,批准年度：2016,结题年度：2020,依托单位： 海南大学,关键词： 多宿主系统； QoS评价及性能分析； 移动互联接入标准； 多路径传输； 异构网络
86.基于多模态大数据分析方法的肛肠疾病临床诊断标准及演化模型研究,批准号：U1611262,申请代码：F02,项目类别：联合基金项目,项目负责人： 鲁仁全,资助经费：450.0（万元）,批准年度：2016,结题年度：2020,依托单位： 广东工业大学,关键词： 融合与关联算法； 多模态； 普适化数据； 大数据
87.65nm CMOS工艺中集成电路标准单元的单粒子效应研究,批准号：61674002,申请代码：F0406,项目类别：面上项目,项目负责人： 吴秀龙,资助经费：65.0（万元）,批准年度：2016,结题年度：2020,依托单位： 安徽大学,关键词： 数字标准单元； 体硅CMOS； 单粒子效应； 抗辐射
88.绩效理念下的现代财政预算管理体系研究：利益博弈、预算标准与信息公开,批准号：71673235,申请代码：G0305,项目类别：面上项目,项目负责人： 伏润民,资助经费：52.0（万元）,批准年度：2016,结题年度：2020,依托单位： 云南财经大学,关键词： 财政绩效； 预算标准； 现代财政预算管理； 信息公开； 利益博弈
89.基于新一代测序数据的标准化，FDR控制及分类问题的统计方法研究,批准号：11701385,申请代码：A0402,项目类别：青年科学基金项目,项目负责人： 周彦,资助经费：24.0（万元）,批准年度：2017,结题年度：2020,依托单位： 深圳大学,关键词： 检验； 新一代测序； 标准化； FDR控制； 判别分类
90.标准老化条件下改性卤化物钙钛矿材料与光伏器件的稳定性研究,批准号：51672094,申请代码：E0207,项目类别：面上项目,项目负责人： 陈炜,资助经费：62.0（万元）,批准年度：2016,结题年度：2020,依托单位： 华中科技大学,关键词： 钙钛矿太阳能电池； 有机金属卤化物； 离子迁移； 热稳定性； 标准老化测试
91.项目驱动型制造企业组织变革的过程机理研究 ——个性化和标准化的协同实现,批准号：71702023,申请代码：G0115,项目类别：青年科学基金项目,项目负责人： 孙秀霞,资助经费：18.0（万元）,批准年度：2017,结题年度：2020,依托单位： 大连理工大学,关键词： 项目驱动型制造企业； 协同； 标准化； 个性化； 组织变革
92.基于Groebner基理论和距离不变量方法的指标多项式标准型及其应用研究,批准号：11701370,申请代码：A0410,项目类别：青年科学基金项目,项目负责人： 刘姜,资助经费：22.0（万元）,批准年度：2017,结题年度：2020,依托单位： 上海理工大学,关键词： n维符号计算； 定理自动证明； Einstein求和约定
93.基于丙烯醛的新型散发性AD大鼠和食蟹猴模型的建立、鉴定和标准化,批准号：81671264,申请代码：H0912,项目类别：面上项目,项目负责人： 皮荣标,资助经费：85.0（万元）,批准年度：2016,结题年度：2020,依托单位： 中山大学,关键词： 认知； 动物模型； 食蟹猴； 阿尔茨海默病； 淀粉样蛋白
94.大城市“次区域生活圈”建构标准及空间组织优化策略研究——以武汉市为例,批准号：51708233,申请代码：E0802,项目类别：青年科学基金项目,项目负责人： 单卓然,资助经费：25.0（万元）,批准年度：2017,结题年度：2020,依托单位： 华中科技大学,关键词： 空间组织； 次区域生活圈； 建构标准； 城镇规划； 优化策略
95.普通高中生均成本标准化测算及其应用——基于教育支出功能分类改革数据的研究,批准号：71704073,申请代码：G0407,项目类别：青年科学基金项目,项目负责人： 汪栋,资助经费：18.0（万元）,批准年度：2017,结题年度：2020,依托单位： 南京财经大学,关键词： 教育财政； 普通高中； 生均成本； 教育支出
96.复杂组分化石燃料与可再生燃料能量品位的热力学基础研究,批准号：51706146,申请代码：E0601,项目类别：青年科学基金项目,项目负责人： 陈小辉,资助经费：24.0（万元）,批准年度：2017,结题年度：2020,依托单位： 深圳市标准技术研究院,关键词： 能源效率； 热力学第二定律； 能源利用； 能量流； 能源管理
97.基于生命周期的典型水泥生产工艺过程扩展火用分析,批准号：71704163,申请代码：G0412,项目类别：青年科学基金项目,项目负责人： 宋丹,资助经费：18.0（万元）,批准年度：2017,结题年度：2020,依托单位： 中国标准化研究院,关键词： 热力经济学分析； 生命周期评价； 节能减排基线
98.雌激素受体介导的食源性EDCs诱导MCF-7和MCF-10A增殖及其分子机制研究,批准号：31701519,申请代码：C2009,项目类别：青年科学基金项目,项目负责人： 许彦阳,资助经费：23.0（万元）,批准年度：2017,结题年度：2020,依托单位： 中国农业科学院农业质量标准与检测技术研究所,关键词： 联合毒性； 安全限值； 混合污染； 内分泌干扰物； 低剂量
99.基于焦磷酸测序的农药多残留生物条形码免疫分析方法研究,批准号：31671938,申请代码：C2008,项目类别：面上项目,项目负责人： 金茂俊,资助经费：60.0（万元）,批准年度：2016,结题年度：2020,依托单位： 中国农业科学院农业质量标准与检测技术研究所,关键词： 农药残留； 焦磷酸测序； 生物条形码； 多残留检测； 免疫分析
100.矿物饲料添加剂生产过程中二恶英类生成机制研究,批准号：21707164,申请代码：B0603,项目类别：青年科学基金项目,项目负责人： 董姝君,资助经费：30.0（万元）,批准年度：2017,结题年度：2020,依托单位： 中国农业科学院农业质量标准与检测技术研究所,关键词： 多氯萘； 生成机制； 饲料添加剂； 二恶英类； 污染控制
101.基于介孔羟基磷灰石新型基质的MALDI-TOF-MS痕量分析全氟化合物研究及离子化机理探讨,批准号：21707163,申请代码：B0602,项目类别：青年科学基金项目,项目负责人： 杨梦瑞,资助经费：26.0（万元）,批准年度：2017,结题年度：2020,依托单位： 中国农业科学院农业质量标准与检测技术研究所,关键词： 羟基磷灰石； 全氟化合物； 介孔材料； 基质辅助激光解吸离子化飞行时间质谱
102.超富集植物对镍锌的根部选择性吸收和转运机制研究,批准号：41701369,申请代码：D0701,项目类别：青年科学基金项目,项目负责人： 邓腾灏博,资助经费：19.0（万元）,批准年度：2017,结题年度：2020,依托单位： 广东省农业科学院农业质量标准与监测技术研究所,关键词： 植物响应； 锌； 超累积植物； 植物修复； 镍
103.L1频段上GNSS无线电频率兼容标准及评估,批准号：61563004,申请代码：F0303,项目类别：地区科学基金项目,项目负责人： 覃团发,资助经费：38.0（万元）,批准年度：2015,结题年度：2019,依托单位： 广西大学,关键词： 北斗卫星导航系统； 半实物仿真； 标准； 无线频率兼容； 全球卫星导航系统
104.新型触发与数据获取技术的研究,批准号：11435013,申请代码：A2804,项目类别：重点项目,项目负责人： 刘振安,资助经费：330.0（万元）,批准年度：2014,结题年度：2019,依托单位： 中国科学院高能物理研究所,关键词： 核仪器标准； xTCA； 数据获取； 触发； 标准
105.技术标准联盟的知识协同与标准实施效益研究：网络结构特征的视角,批准号：71603246,申请代码：G0404,项目类别：青年科学基金项目,项目负责人： 余晓,资助经费：19.0（万元）,批准年度：2016,结题年度：2019,依托单位： 中国计量大学,关键词： 技术标准联盟； 标准实施； 网络结构； 知识协同
106.转基因检测基体标准物质可替代性研究,批准号：31601581,申请代码：C2009,项目类别：青年科学基金项目,项目负责人： 武玉花,资助经费：21.0（万元）,批准年度：2016,结题年度：2019,依托单位： 中国农业科学院油料作物研究所,关键词： 标准物质； 替代性； 转基因产品； 筛查检测
107.标准必要专利的形成机理及其FRAND许可定价研究,批准号：71572127,申请代码：G0203,项目类别：面上项目,项目负责人： 张俊艳,资助经费：46.0（万元）,批准年度：2015,结题年度：2019,依托单位： 天津大学,关键词： 形成机理； FRAND准则； 许可定价； 标准必要专利
108.重味夸克衰变中的标准模型检验与新物理探寻,批准号：11575151,申请代码：A2603,项目类别：面上项目,项目负责人： 李营,资助经费：60.0（万元）,批准年度：2015,结题年度：2019,依托单位： 烟台大学,关键词： B介子稀有衰变； 新物理信号； 味改变中性流； CP破坏； B物理
109.超越标准量子极限的低频段光学横向位移测量,批准号：11604189,申请代码：A2205,项目类别：青年科学基金项目,项目负责人： 孙恒信,资助经费：24.0（万元）,批准年度：2016,结题年度：2019,依托单位： 山西大学,关键词： 位移测量； 低频测量； 光学参量振荡器； 压缩光
110.基于非标准基底的高效谱配置法研究及其应用,批准号：11571151,申请代码：A0501,项目类别：面上项目,项目负责人： 张超,资助经费：50.0（万元）,批准年度：2015,结题年度：2019,依托单位： 江苏师范大学,关键词： 非标准基函数； 快速算法； 分数阶偏微分方程； 谱配置法
111.802.11p标准下DSRC抑制车间信道衰落技术研究,批准号：61601296,申请代码：F0105,项目类别：青年科学基金项目,项目负责人： 马天鸣,资助经费：19.0（万元）,批准年度：2016,结题年度：2019,依托单位： 上海工程技术大学,关键词： 移动通信系统； 系统架构
112.基于标准样品的Microarray与RNA-seq噪声分析与消除,批准号：31601085,申请代码：C0608,项目类别：青年科学基金项目,项目负责人： 郁颖,资助经费：18.0（万元）,批准年度：2016,结题年度：2019,依托单位： 复旦大学,关键词： 噪声； 新一代测序分析； 标准样品； 人； 表达谱分析
113.恒河猴缺血性脑卒中标准化模型的建立,批准号：81571131,申请代码：H0906,项目类别：面上项目,项目负责人： 李进,资助经费：85.0（万元）,批准年度：2015,结题年度：2019,依托单位： 四川大学,关键词： 动物模型； 缺血性脑卒中； 恒河猴
114.基于生理特征的密钥产生机制及评价标准研究,批准号：61562043,申请代码：F0206,项目类别：地区科学基金项目,项目负责人： 张光河,资助经费：37.0（万元）,批准年度：2015,结题年度：2019,依托单位： 江西师范大学,关键词： 伪随机性； 线性复杂度； 周期序列； 非线性度； 密钥序列
115.内控缺陷认定标准：指标设计、影响因素与经济后果,批准号：71572069,申请代码：G0206,项目类别：面上项目,项目负责人： 丁友刚,资助经费：47.5（万元）,批准年度：2015,结题年度：2019,依托单位： 暨南大学,关键词： 影响因素； 经济后果； 认定标准； 内部控制缺陷； 内部控制
116.基于边际理论的城市住宅运行能耗模拟与控制标准研究,批准号：51578438,申请代码：E0803,项目类别：面上项目,项目负责人： 胡振,资助经费：62.0（万元）,批准年度：2015,结题年度：2019,依托单位： 西安建筑科技大学,关键词： 能耗性态； 能耗标准； 城市住宅； 边际能耗； 运行能耗
117.农业标准形成机制与作用机理实证研究：以我国苹果产业为例,批准号：71573209,申请代码：G0311,项目类别：面上项目,项目负责人： 贾相平,资助经费：48.0（万元）,批准年度：2015,结题年度：2019,依托单位： 西北农林科技大学,关键词： 契约链； 龙头企业； 农业产业化； 农民专业合作组织； 农业产业组织
118.代际互助式城市住居系统构成及其评价与设计标准研究,批准号：51578174,申请代码：E0801,项目类别：面上项目,项目负责人： 付本臣,资助经费：62.0（万元）,批准年度：2015,结题年度：2019,依托单位： 哈尔滨工业大学,关键词： 设计标准； 评价体系； 老年居住建筑； 城市住居系统； 代际互助
119.成本约束下既有住区室外环境改造的层级化标准研究,批准号：51608091,申请代码：E0802,项目类别：青年科学基金项目,项目负责人： 董丽,资助经费：20.0（万元）,批准年度：2016,结题年度：2019,依托单位： 大连理工大学,关键词： 既有住区； 成本效益分析； 成本约束； 环境改造； 层级化标准
120.基于“有效部位/成分—疗效—品质”一体的甘草质量标准提升研究,批准号：81560647,申请代码：H3204,项目类别：地区科学基金项目,项目负责人： 付雪艳,资助经费：36.0（万元）,批准年度：2015,结题年度：2019,依托单位： 宁夏医科大学,关键词： 质量控制； 甘草； 一测多评； 谱效关系
121.种子类中药“逢子必炒”共性规律及特征性成分质量标准研究,批准号：81573603,申请代码：H3205,项目类别：面上项目,项目负责人： 蔡宝昌,资助经费：63.0（万元）,批准年度：2015,结题年度：2019,依托单位： 南京中医药大学,关键词： 质量标准； 种子类中药； 共性规律
122.基于市场导向的畜牧业标准化运行机理与绩效研究,批准号：71573257,申请代码：G0311,项目类别：面上项目,项目负责人： 李秉龙,资助经费：48.0（万元）,批准年度：2015,结题年度：2019,依托单位： 中国农业大学,关键词： 标准化； 运行机制； 绩效； 市场导向； 畜牧业
123.华南埃迪卡拉纪—寒武纪过渡期标准层型剖面再研究,批准号：41572024,申请代码：D0202,项目类别：面上项目,项目负责人： 唐烽,资助经费：90.0（万元）,批准年度：2015,结题年度：2019,依托单位： 中国地质科学院地质研究所,关键词： 标准化石； 地层划分与对比； 化石带； 层型； 生物地层学
124.航空发动机难加工材料切削基础数据模型与标准试验方法,批准号：51575453,申请代码：E0509,项目类别：面上项目,项目负责人： 张定华,资助经费：67.0（万元）,批准年度：2015,结题年度：2019,依托单位： 西北工业大学,关键词： 难加工材料； 切削试验台； 钛合金； 镍基高温合金； 切削数据库
125.对重味物理领域超标准模型新物理效应的实验探索和理论研究,批准号：11435003,申请代码：A2603,项目类别：重点项目,项目负责人： 谢跃红,资助经费：370.0（万元）,批准年度：2014,结题年度：2019,依托单位： 华中师范大学,关键词： CP对称性破缺； 重味物理； 稀有衰变； LHCb实验； 超标准模型物理
126.别构位点识别：标准数据集与计算方法评价体系的建立与应用,批准号：81603023,申请代码：H3407,项目类别：青年科学基金项目,项目负责人： 沈倩诚,资助经费：17.3（万元）,批准年度：2016,结题年度：2019,依托单位： 上海交通大学,关键词： 药物设计； 标准数据集； 评价方法； 别构位点识别
127.经前烦躁障碍（PMDD）肝气逆/郁病证大鼠模型鉴定与标准化,批准号：81573854,申请代码：H3103,项目类别：面上项目,项目负责人： 乔明琦,资助经费：105.0（万元）,批准年度：2015,结题年度：2019,依托单位： 山东中医药大学,关键词： 大鼠模型； 标准化； 经前烦躁障碍； 动情周期非接受与接受期； 肝气逆/郁证
128.硫化物原位微区硫-铅同位素及铂族元素标准物质研制,批准号：41603002,申请代码：D0301,项目类别：青年科学基金项目,项目负责人： 张文,资助经费：20.0（万元）,批准年度：2016,结题年度：2019,依托单位： 中国地质大学（武汉）,关键词： 硫化物标准物质； 微区地球化学； 铂族元素； 铅同位素； 硫同位素
129.基于标准数字工艺的3D FinFET MOS电容电路线性度补偿技术研究,批准号：61604014,申请代码：F0402,项目类别：青年科学基金项目,项目负责人： 殷树娟,资助经费：19.0（万元）,批准年度：2016,结题年度：2019,依托单位： 北京信息科技大学,关键词： 行为级模型； 混合信号； 深亚微米CMOS工艺； 数模混合集成电路
130.信息论标准下基于智能优化的滤波方法及其在多径估计中的应用,批准号：61603267,申请代码：F0604,项目类别：青年科学基金项目,项目负责人： 程兰,资助经费：20.0（万元）,批准年度：2016,结题年度：2019,依托单位： 太原理工大学,关键词： 智能优化； 信息论； 多径估计； 导航系统； 滤波方法
131.农户种植行为与农产品质量安全：从粗放到标准——水稻为例,批准号：71573261,申请代码：G0311,项目类别：面上项目,项目负责人： 吕新业,资助经费：48.0（万元）,批准年度：2015,结题年度：2019,依托单位： 中国农业科学院农业经济与发展研究所,关键词： 农产品质量安全； 农户种植行为； 水稻； 标准化生产； 粗放经营
132.构建中医药循证临床实践指南规范和标准化的方法学研究,批准号：81603451,申请代码：H3302,项目类别：青年科学基金项目,项目负责人： 陈薇,资助经费：17.0（万元）,批准年度：2016,结题年度：2019,依托单位： 北京中医药大学,关键词： 循证医学； 方法学； 临床实践指南； 中医药
133.基于标准深亚微米CMOS工艺的高密度单光子阵列探测器集成技术研究,批准号：61571235,申请代码：F0123,项目类别：面上项目,项目负责人： 徐跃,资助经费：60.0（万元）,批准年度：2015,结题年度：2019,依托单位： 南京邮电大学,关键词： 标准深亚微米CMOS工艺； 单片集成技术； 高密度阵列探测器； 单光子雪崩二极管； 模拟计数读出技术
134.我国住宅建筑日照标准、居住区环境改善、土地集约利用和城市生态效益四者关系研究,批准号：51578041,申请代码：E0802,项目类别：面上项目,项目负责人： 韩林飞,资助经费：62.0（万元）,批准年度：2015,结题年度：2019,依托单位： 北京交通大学,关键词： 城市生态效益； 居住区环境改善； 土地集约利用； 住宅建筑日照标准
135.满足国VI标准FCC汽油深度加氢脱硫-辛烷值恢复催化剂的设计、制备及其作用机制研究,批准号：U1662131,申请代码：B08,项目类别：联合基金项目,项目负责人： 吴志杰,资助经费：64.0（万元）,批准年度：2016,结题年度：2019,依托单位： 中国石油大学（北京）,关键词： 辛烷值恢复； 加氢脱硫； 双功能催化剂； FCC汽油； 沸石
136.赭曲霉毒素A诱导巨噬细胞（ANA-1）S期阻滞及其分子机制研究,批准号：31602117,申请代码：C1808,项目类别：青年科学基金项目,项目负责人： 张维,资助经费：20.0（万元）,批准年度：2016,结题年度：2019,依托单位： 中国农业科学院农业质量标准与检测技术研究所,关键词： 巨噬细胞； 饲料； 分子机制； 赭曲霉毒素A； S期阻滞
137.动物源性饲料中典型PPCPs的风险评估,批准号：31572443,申请代码：C1706,项目类别：面上项目,项目负责人： 索德成,资助经费：64.0（万元）,批准年度：2015,结题年度：2019,依托单位： 中国农业科学院农业质量标准与检测技术研究所,关键词： 药物及个人护理品； 风险评估； 动物源性饲料原料
138.自发单层分散理论用于固体进样检测食品中痕量重金属,批准号：31571924,申请代码：C2008,项目类别：面上项目,项目负责人： 刘霁欣,资助经费：62.0（万元）,批准年度：2015,结题年度：2019,依托单位： 中国农业科学院农业质量标准与检测技术研究所,关键词： 固体进样； 自发单层分散； 基体干扰； 重金属； 食品
139.基于深度学习的多源异构质检大数据融合与分析技术研究,批准号：91646122,申请代码：G0110,项目类别：重大研究计划,项目负责人： 许应成,资助经费：43.0（万元）,批准年度：2016,结题年度：2019,依托单位： 中国标准化研究院,关键词： 分析； 本体； 深度学习； 融合； 大数据
140.中国农产品质量竞争力研究-基于出口优势产品的实证分析,批准号：71463009,申请代码：G0311,项目类别：地区科学基金项目,项目负责人： 江东坡,资助经费：34.0（万元）,批准年度：2014,结题年度：2018,依托单位： 贵州大学,关键词： 农产品； 贸易； 竞争力； 标准； 质量
141.非标准光照彩色图像的增强算法研究,批准号：61502145,申请代码：F0210,项目类别：青年科学基金项目,项目负责人： 王彦芳,资助经费：18.0（万元）,批准年度：2015,结题年度：2018,依托单位： 河海大学,关键词： 图像质量评价； 各向异性滤波； 对比度增强； 图像灰度增强
142.大脑影像标准化的优化模型与算法研究,批准号：11471208,申请代码：A0604,项目类别：面上项目,项目负责人： 应时辉,资助经费：62.0（万元）,批准年度：2014,结题年度：2018,依托单位： 上海大学,关键词： 微分同胚； 图像流形； 非线性配准； 图像标准化； 大脑影像
143.滨江平原区城市排涝标准匹配体系研究,批准号：41471015,申请代码：D0702,项目类别：面上项目,项目负责人： 刘俊,资助经费：80.0（万元）,批准年度：2014,结题年度：2018,依托单位： 河海大学,关键词： 排水标准； 匹配； 滨江城市； 排涝标准； 城市化
144.黄铜矿低含量Re-Os定年标准物质研制,批准号：41503056,申请代码：D0303,项目类别：青年科学基金项目,项目负责人： 李文君,资助经费：21.0（万元）,批准年度：2015,结题年度：2018,依托单位： 中国科学院地质与地球物理研究所,关键词： 标准物质； Re-Os定年； 黄铜矿
145.纳米粗糙度标准样品的设计、制备及X射线表征应用,批准号：51505440,申请代码：E0505,项目类别：青年科学基金项目,项目负责人： 罗婷婷,资助经费：20.0（万元）,批准年度：2015,结题年度：2018,依托单位： 中国电子科技集团公司第三十八研究所,关键词： 纳米粗糙度标准样品； 微纳米加工； 粗糙表面； X射线反射； 扫描探针显微镜
146.生土基材料和生土基砌体强度标准试验方法研究,批准号：51478043,申请代码：E0804,项目类别：面上项目,项目负责人： 王毅红,资助经费：78.0（万元）,批准年度：2014,结题年度：2018,依托单位： 长安大学,关键词： 生土基材料； 改性配方； 生土基砌体； 强度取值； 标准试验方法
147.一类稳态Schödinger-Poisson-Slater方程标准化解的研究,批准号：11501137,申请代码：A0304,项目类别：青年科学基金项目,项目负责人： 罗庭健,资助经费：18.0（万元）,批准年度：2015,结题年度：2018,依托单位： 广州大学,关键词： 标准化解； Schödinger-Poisson-Slater方程； 存在性； 变分方法
148.草原生态补偿标准确定与实现途径研究——基于会计视角,批准号：71463041,申请代码：G0311,项目类别：地区科学基金项目,项目负责人： 张心灵,资助经费：34.0（万元）,批准年度：2014,结题年度：2018,依托单位： 内蒙古农业大学,关键词： 会计视角； 草原生态价值； 草原经济价值； 草原生态补偿； 补偿标准
149. 带有前馈矩阵的线性系统的标准分解及其应用,批准号：11501363,申请代码：A0502,项目类别：青年科学基金项目,项目负责人： 沈冬梅,资助经费：18.0（万元）,批准年度：2015,结题年度：2018,依托单位： 上海立信会计金融学院,关键词： 可控性； 标准分解； 极点配置； 可观性； 零点结构
150.适用于可逆信息隐藏算法的图像质量评价标准研究,批准号：61502007,申请代码：F0206,项目类别：青年科学基金项目,项目负责人： 杨杨,资助经费：21.0（万元）,批准年度：2015,结题年度：2018,依托单位： 安徽大学,关键词： 高视觉质量； 图像质量评价标准； 均匀色差空间； 人类视觉系统； 可逆信息隐藏
151.非标准雷电波下电晕特性及其对线路雷电暂态的影响,批准号：51477007,申请代码：E0705,项目类别：面上项目,项目负责人： 张小青,资助经费：86.0（万元）,批准年度：2014,结题年度：2018,依托单位： 北京交通大学,关键词： 伏库特性； 非标准雷电波； 过电压； 输电线路； 冲击电晕
152.基于非标准离散的非线性抛物型问题的时间外推算法,批准号：11726632,申请代码：A0504,项目类别：数学天元基金项目,项目负责人： 王湘奇,资助经费：10.0（万元）,批准年度：2017,结题年度：2018,依托单位： 湖南第一师范学院,关键词： 外推瀑布多网格方法； 非线性抛物型方程； 时间外推算法； Newton迭代； 虚拟元方法
153.环境激励条件下海洋平台动力特性同标准评估方法及试验研究,批准号：51479184,申请代码：E1101,项目类别：面上项目,项目负责人： 刘福顺,资助经费：84.0（万元）,批准年度：2014,结题年度：2018,依托单位： 中国海洋大学,关键词： 评估方法； 海洋平台； 环境激励； 信号分离； 动力特性
154.标准养护下正交异性钢箱梁-RPC组合桥面基本力学性能研究,批准号：51508255,申请代码：E0805,项目类别：青年科学基金项目,项目负责人： 张慧,资助经费：20.0（万元）,批准年度：2015,结题年度：2018,依托单位： 兰州交通大学,关键词： 正交异性钢箱梁； 组合桥面； RPC； 力学性能； 标准养护
155.企业竞争国家标准话语权的影响因素与经济后果研究,批准号：71502036,申请代码：G0201,项目类别：青年科学基金项目,项目负责人： 林洲钰,资助经费：18.0（万元）,批准年度：2015,结题年度：2018,依托单位： 暨南大学,关键词： 影响因素； 经济后果； 国家标准话语权； 标准竞争
156.基于静态膨胀法真空基础标准的极小气体流量测量及应用研究,批准号：61471184,申请代码：F0122,项目类别：面上项目,项目负责人： 成永军,资助经费：81.0（万元）,批准年度：2014,结题年度：2018,依托单位： 兰州空间技术物理研究所,关键词： 真空； 极小气体流量； 静态膨胀法； 计量
157.国际组织推荐的儿童和孕妇尿碘标准在我国的适用性研究,批准号：81472930,申请代码：H3013,项目类别：面上项目,项目负责人： 刘守军,资助经费：60.0（万元）,批准年度：2014,结题年度：2018,依托单位： 哈尔滨医科大学,关键词： 甲状腺功能； 盐碘； 尿碘； 甲状腺容积； 碘缺乏病
158.以政府统计职能创新为导向的国民主观幸福标准化度量方法研究,批准号：71463021,申请代码：G0401,项目类别：地区科学基金项目,项目负责人： 周海欧,资助经费：35.0（万元）,批准年度：2014,结题年度：2018,依托单位： 江西财经大学,关键词： 核算体系； 标准化； 主观幸福； 度量方法； 情感体验
159.维药大叶补血草化学成分分离及质量标准研究,批准号：31460087,申请代码：C0209,项目类别：地区科学基金项目,项目负责人： 古丽娜·沙比尔,资助经费：49.0（万元）,批准年度：2014,结题年度：2018,依托单位： 新疆维吾尔自治区中药民族药研究所,关键词： 结构鉴定； 药用植物； 分离纯化； 化学成分
160.发泡颗粒轻量土长期交通荷载下渐进性变形机制及破坏标准,批准号：51509211,申请代码：E0905,项目类别：青年科学基金项目,项目负责人： 侯天顺,资助经费：20.0（万元）,批准年度：2015,结题年度：2018,依托单位： 西北农林科技大学,关键词： 颗粒流数值仿真； 渐进性变形机制； 破坏标准； 长期交通荷载； 发泡颗粒轻量土
161.受限反应空间中骨修复材料表面类骨矿物精确调控机制及评价标准研究,批准号：51472089,申请代码：E0210,项目类别：面上项目,项目负责人： 郑华德,资助经费：83.0（万元）,批准年度：2014,结题年度：2018,依托单位： 华南理工大学,关键词： 受限反应空间； 骨修复材料； 类骨矿物； 评价标准； 调控机制
162.质子辐照对应用于星载温度标准的微型固定点相变影响的研究,批准号：11475162,申请代码：A3004,项目类别：面上项目,项目负责人： 郝小鹏,资助经费：90.0（万元）,批准年度：2014,结题年度：2018,依托单位： 中国计量科学研究院,关键词： 核分析技术； 正电子湮没； 星上定标； 热红外遥感； 辐照损伤
163.标准化护理方案对乳腺癌患者健康相关生活质量干预效果及机制研究,批准号：81502700,申请代码：H1822,项目类别：青年科学基金项目,项目负责人： 周凯娜,资助经费：18.0（万元）,批准年度：2015,结题年度：2018,依托单位： 西安交通大学,关键词： 健康相关生活质量； 标准化护理方案； 健康信念模式； 乳腺癌
164.基于时空异质性的森林生态系统服务多维测度与补偿标准耦合关系研究,批准号：71503004,申请代码：G0311,项目类别：青年科学基金项目,项目负责人： 李坦,资助经费：16.0（万元）,批准年度：2015,结题年度：2018,依托单位： 安徽农业大学,关键词： 时空异质性； 多维测度； 森林生态系统服务； 森林生态补偿； 耦合关系
165.基于“标准化”背角无齿蚌及其鳃细胞损伤模型的镉生物积累及毒性机制研究,批准号：31502166,申请代码：C1904,项目类别：青年科学基金项目,项目负责人： 陈修报,资助经费：20.0（万元）,批准年度：2015,结题年度：2018,依托单位： 中国水产科学研究院淡水渔业研究中心,关键词： 环境修复； 污染； 生境； 资源养护
166.基于神经网络模型的青年癌症患者心理痛苦预警与标准化沟通系统研究,批准号：81502701,申请代码：H1822,项目类别：青年科学基金项目,项目负责人： 谢建飞,资助经费：18.0（万元）,批准年度：2015,结题年度：2018,依托单位： 中南大学,关键词： 青年； 神经网络； 肿瘤康复； 心理痛苦； 沟通系统
167.CMS上通过双光子末态寻找非标准模型希格斯粒子等新共振态,批准号：11505208,申请代码：A2806,项目类别：青年科学基金项目,项目负责人： 陶军全,资助经费：25.0（万元）,批准年度：2015,结题年度：2018,依托单位： 中国科学院高能物理研究所,关键词： 双光子共振态； CMS实验； 非标准模型希格斯粒子
168.以标准化为导向的物流管理支持系统及模块化物流管理过程建模研究,批准号：71271035,申请代码：G0107,项目类别：面上项目,项目负责人： 朴惠淑,资助经费：47.3（万元）,批准年度：2012,结题年度：2018,依托单位： 大连海事大学,关键词： 管理过程建模； 拉动式物流标准化； 模块化物流管理模式； 仿真模型
169.银行竞争与银行资本对银行信贷标准制定的交互影响：动态理论与国际实证对比研究,批准号：71503191,申请代码：G0307,项目类别：青年科学基金项目,项目负责人： 刘岩,资助经费：17.0（万元）,批准年度：2015,结题年度：2018,依托单位： 武汉大学,关键词： 风险承担行为； 银行业； 风险承担渠道
170.互联网国际技术共同体下的技术标准化、协作创新与技术追赶机制的研究,批准号：71503123,申请代码：G0404,项目类别：青年科学基金项目,项目负责人： 火栋,资助经费：17.0（万元）,批准年度：2015,结题年度：2018,依托单位： 哈尔滨工业大学,关键词： 专利分析； 协作创新； 技术共同体； 技术标准化； 技术追赶
171.中国个人所得税工薪所得综合费用扣除标准化设计——基于对区域、家庭规模及结构的细分,批准号：71503176,申请代码：G0305,项目类别：青年科学基金项目,项目负责人： 李林君,资助经费：17.0（万元）,批准年度：2015,结题年度：2018,依托单位： 首都经济贸易大学,关键词： 个人所得税制； 工薪所得； 费用扣除； 收入分配； 免征额
172.量子点-β-内酰胺类药物受体复合物的点击化学制备及其性质研究,批准号：31502116,申请代码：C1808,项目类别：青年科学基金项目,项目负责人： 肖志明,资助经费：20.0（万元）,批准年度：2015,结题年度：2018,依托单位： 中国农业科学院农业质量标准与检测技术研究所,关键词： 点击化学； β-内酰胺类； 量子点； 受体
173.静电纺丝多元杂化纳米膜仿生识别有机锡电化学传感器构建及应用研究,批准号：31471654,申请代码：C2009,项目类别：面上项目,项目负责人： 佘永新,资助经费：81.0（万元）,批准年度：2014,结题年度：2018,依托单位： 中国农业科学院农业质量标准与检测技术研究所,关键词： 应用研究； 有机锡； 纳米膜； 电化学传感器； 仿生识别
174.动物源食品中全氟化合物痕量分析的基质效应量化评价及产生机理研究,批准号：21507160,申请代码：B0602,项目类别：青年科学基金项目,项目负责人： 周剑,资助经费：21.0（万元）,批准年度：2015,结题年度：2018,依托单位： 中国农业科学院农业质量标准与检测技术研究所,关键词： 全氟化合物； 基质效应； 产生机理； 控制模型； 分离分析
175.手性多氯联苯在斑马鱼中的选择性蓄积及毒性差异研究,批准号：21477161,申请代码：B0602,项目类别：面上项目,项目负责人： 邱静,资助经费：83.0（万元）,批准年度：2014,结题年度：2018,依托单位： 中国农业科学院农业质量标准与检测技术研究所,关键词： 蓄积； 对映体； 斑马鱼； 多氯联苯； 毒性
